Epoch,Loss,Train Reward,Eval Reward,Time
0,-0.6625146269798279,-8.124689102172852,-8.74195032119751,8.15119194984436
1,-0.6298009157180786,-8.01087760925293,nan,9.117953062057495
2,-0.6714357137680054,-8.190253257751465,nan,10.297351121902466
3,-0.6628981232643127,-8.147444725036621,nan,11.478823184967041
4,-0.6935225129127502,-8.404122352600098,nan,12.680706977844238
5,-0.6546832919120789,-7.753624439239502,nan,13.749109983444214
6,-0.705642580986023,-8.544073104858398,nan,14.990401029586792
7,-0.6669872999191284,-7.971196174621582,nan,16.100302934646606
8,-0.7211006879806519,-8.386064529418945,nan,17.38134002685547
9,-0.6976248025894165,-8.144930839538574,nan,18.545597791671753
10,-0.7005363702774048,-8.416509628295898,nan,19.770945072174072
11,-0.6650167107582092,-8.709688186645508,nan,20.780097007751465
12,-0.6899140477180481,-7.975795745849609,nan,21.967247009277344
13,-0.6985023021697998,-8.181175231933594,nan,23.241240978240967
14,-0.6914599537849426,-8.143668174743652,nan,24.399688243865967
15,-0.6849194765090942,-7.848820686340332,nan,25.554715156555176
16,-0.6587415933609009,-7.854290008544922,nan,26.552592992782593
17,-0.7189521193504333,-8.287413597106934,nan,27.745031118392944
18,-0.6902096271514893,-8.046529769897461,nan,28.878257036209106
19,-0.6799507141113281,-8.546826362609863,nan,29.974683046340942
20,-0.6722291111946106,-8.028292655944824,nan,31.19120192527771
21,-0.6814395785331726,-8.524996757507324,nan,32.27900695800781
22,-0.690268337726593,-7.898690223693848,nan,33.48487901687622
23,-0.7027581930160522,-8.104455947875977,nan,34.730385065078735
24,-0.6581622958183289,-8.463034629821777,nan,36.06381297111511
25,-0.6670792698860168,-8.158500671386719,nan,37.208170890808105
26,-0.7094558477401733,-7.939150810241699,nan,38.538552045822144
27,-0.665080189704895,-7.758934497833252,nan,39.63366389274597
28,-0.6819124817848206,-8.444879531860352,nan,40.75955080986023
29,-0.6724929809570312,-8.380120277404785,nan,41.95241904258728
30,-0.6701149344444275,-8.266399383544922,nan,43.02253293991089
31,-0.7131574153900146,-8.501975059509277,nan,44.18730807304382
32,-0.6402386426925659,-7.52015495300293,nan,45.57192802429199
33,-0.7096026539802551,-8.449823379516602,nan,46.83621597290039
34,-0.6663775444030762,-7.877202987670898,nan,48.067612171173096
35,-0.6686226725578308,-8.353039741516113,nan,49.30176615715027
36,-0.6624607443809509,-8.105875015258789,nan,50.408900022506714
37,-0.6965635418891907,-8.156208992004395,nan,51.710278034210205
38,-0.689709484577179,-7.842028617858887,nan,52.96815514564514
39,-0.6712462306022644,-8.107534408569336,nan,54.16197109222412
40,-0.6981945633888245,-8.278902053833008,nan,55.42624306678772
41,-0.6730713844299316,-8.251888275146484,nan,56.59659695625305
42,-0.6960648894309998,-7.904472827911377,nan,57.97479605674744
43,-0.6629181504249573,-8.408493041992188,nan,59.117937088012695
44,-0.6766571402549744,-8.431619644165039,nan,60.28922700881958
45,-0.7075183987617493,-8.291839599609375,nan,61.56673192977905
46,-0.6733006834983826,-8.25767993927002,nan,62.66701602935791
47,-0.6711975336074829,-8.460391998291016,nan,63.72769093513489
48,-0.7046148180961609,-8.312338829040527,nan,64.96583700180054
49,-0.6648091673851013,-8.228349685668945,nan,66.09973406791687
50,-0.7000184655189514,-8.216675758361816,-8.769349670410156,74.35951805114746
51,-0.6642298698425293,-7.9713826179504395,nan,75.53073811531067
52,-0.6966273784637451,-7.960568904876709,nan,76.77491807937622
53,-0.6488238573074341,-8.115887641906738,nan,77.80277299880981
54,-0.6914113759994507,-8.20602798461914,nan,79.00304889678955
55,-0.7012819647789001,-8.328619003295898,nan,80.18449807167053
56,-0.6527913212776184,-8.321939468383789,nan,81.42095899581909
57,-0.6898654103279114,-8.215250015258789,nan,82.59974598884583
58,-0.6844441294670105,-7.820002555847168,nan,83.7548840045929
59,-0.6991108059883118,-8.085160255432129,nan,84.98031091690063
60,-0.6581612229347229,-7.787779808044434,nan,86.0694010257721
61,-0.6916571855545044,-7.92452335357666,nan,87.23434591293335
62,-0.6520223021507263,-8.198271751403809,nan,88.28145599365234
63,-0.658665120601654,-7.915919303894043,nan,89.33761501312256
64,-0.6753276586532593,-8.246018409729004,nan,90.45478796958923
65,-0.6947120428085327,-8.172123908996582,nan,91.57300591468811
66,-0.6960575580596924,-7.896918296813965,nan,92.69331192970276
67,-0.6701979041099548,-8.308454513549805,nan,93.74390602111816
68,-0.6557360291481018,-8.111400604248047,nan,94.92420816421509
69,-0.7042669653892517,-8.255743980407715,nan,96.07131791114807
70,-0.7067041993141174,-8.006412506103516,nan,97.25812602043152
71,-0.6528105139732361,-8.129602432250977,nan,98.33185601234436
72,-0.6609787940979004,-8.186931610107422,nan,99.3725848197937
73,-0.7010456323623657,-8.253429412841797,nan,100.52280116081238
74,-0.7051924467086792,-8.560018539428711,nan,101.68310594558716
75,-0.7068250179290771,-8.438619613647461,nan,102.83630394935608
76,-0.6974314451217651,-8.195053100585938,nan,104.00483393669128
77,-0.6991368532180786,-8.290851593017578,nan,105.14459896087646
78,-0.703453004360199,-8.073244094848633,nan,106.28730010986328
79,-0.6745608448982239,-8.220498085021973,nan,107.315505027771
80,-0.6979705691337585,-8.21612548828125,nan,108.52718782424927
81,-0.6973108053207397,-8.354755401611328,nan,109.72564101219177
82,-0.628214955329895,-8.435641288757324,nan,110.7122449874878
83,-0.6683371663093567,-8.025959968566895,nan,111.72708916664124
84,-0.6698687672615051,-8.440377235412598,nan,112.75627517700195
85,-0.6755447387695312,-8.291715621948242,nan,113.81435894966125
86,-0.7027899026870728,-8.116860389709473,nan,114.9742739200592
87,-0.6606349945068359,-8.158957481384277,nan,116.04554581642151
88,-0.6852636933326721,-8.109092712402344,nan,117.20646905899048
89,-0.6966146230697632,-8.122285842895508,nan,118.33899784088135
90,-0.702323317527771,-8.156630516052246,nan,119.53572082519531
91,-0.6705594658851624,-8.41765308380127,nan,120.58894515037537
92,-0.6899207234382629,-8.364691734313965,nan,121.76827502250671
93,-0.6870426535606384,-7.936570167541504,nan,122.98785305023193
94,-0.6577440500259399,-8.295286178588867,nan,124.04851388931274
95,-0.6604450941085815,-8.17440128326416,nan,125.40754914283752
96,-0.6857463717460632,-7.8354926109313965,nan,126.62560391426086
97,-0.6784670948982239,-8.561705589294434,nan,127.75571799278259
98,-0.6944887638092041,-7.982666015625,nan,128.91059803962708
99,-0.6678977608680725,-8.249372482299805,nan,130.01360821723938
100,-0.7097965478897095,-8.222027778625488,-8.459406471252441,137.42923092842102
101,-0.6898863315582275,-8.050142288208008,nan,138.68016600608826
102,-0.7209901809692383,-7.95369291305542,nan,139.98950099945068
103,-0.6866458058357239,-7.890707969665527,nan,141.1464569568634
104,-0.6635115742683411,-7.867225646972656,nan,142.5374150276184
105,-0.6969202756881714,-8.27188777923584,nan,143.96715092658997
106,-0.6560808420181274,-8.082477569580078,nan,145.09170699119568
107,-0.6553333401679993,-7.8171305656433105,nan,146.15806889533997
108,-0.6987202763557434,-7.837306499481201,nan,147.3916540145874
109,-0.704314649105072,-8.281087875366211,nan,148.55347609519958
110,-0.6558751463890076,-8.218829154968262,nan,149.67733907699585
111,-0.6933289766311646,-7.882880210876465,nan,150.9931299686432
112,-0.6667106747627258,-8.064497947692871,nan,152.38475704193115
113,-0.6995229125022888,-8.002363204956055,nan,153.6238031387329
114,-0.7147996425628662,-8.059060096740723,nan,155.0618119239807
115,-0.6508340239524841,-7.91081428527832,nan,156.17349696159363
116,-0.6934861540794373,-8.16976261138916,nan,157.40383100509644
117,-0.6998690366744995,-8.33604621887207,nan,158.64680218696594
118,-0.6763219237327576,-8.285431861877441,nan,159.77977800369263
119,-0.6587784886360168,-7.893952369689941,nan,161.02070498466492
120,-0.6621745228767395,-7.851015090942383,nan,162.30313110351562
121,-0.7061790227890015,-8.597298622131348,nan,163.5268280506134
122,-0.7127074003219604,-7.799380779266357,nan,164.85222697257996
123,-0.6861412525177002,-8.17551326751709,nan,166.08598017692566
124,-0.6876748204231262,-8.339428901672363,nan,167.35114693641663
125,-0.6668518781661987,-8.175210952758789,nan,168.4939889907837
126,-0.6577213406562805,-7.879514694213867,nan,169.5983910560608
127,-0.6867401599884033,-7.7280426025390625,nan,170.77535200119019
128,-0.6906253099441528,-8.142391204833984,nan,171.99485111236572
129,-0.7072411775588989,-8.366771697998047,nan,173.25913786888123
130,-0.6698116660118103,-7.903096675872803,nan,174.3427050113678
131,-0.7276729345321655,-8.234667778015137,nan,175.8278031349182
132,-0.6661670804023743,-8.010860443115234,nan,176.94871997833252
133,-0.6608772873878479,-8.244890213012695,nan,178.04279112815857
134,-0.6953983902931213,-7.971550941467285,nan,179.28476309776306
135,-0.6617187857627869,-8.107195854187012,nan,180.46867203712463
136,-0.6621468663215637,-8.291435241699219,nan,181.68996024131775
137,-0.6966582536697388,-8.236076354980469,nan,182.93184995651245
138,-0.6999205350875854,-8.379293441772461,nan,184.18297481536865
139,-0.6654079556465149,-8.238401412963867,nan,185.7866621017456
140,-0.6738941073417664,-8.379429817199707,nan,186.92577505111694
141,-0.6917825937271118,-8.19861125946045,nan,188.22350311279297
142,-0.6965436339378357,-8.47790813446045,nan,189.45968413352966
143,-0.6725350618362427,-8.32870864868164,nan,190.54656982421875
144,-0.6959753632545471,-8.393991470336914,nan,191.70000886917114
145,-0.7384840250015259,-7.922741413116455,nan,193.08825993537903
146,-0.6825609803199768,-7.771121025085449,nan,194.36656618118286
147,-0.6574786901473999,-8.20268726348877,nan,195.37676000595093
148,-0.7044477462768555,-7.988045692443848,nan,196.7931740283966
149,-0.6562796831130981,-7.882919788360596,nan,198.12060403823853
150,-0.6611700057983398,-8.142868041992188,-8.431724548339844,206.47453618049622
151,-0.7186005711555481,-8.011787414550781,nan,208.17042183876038
152,-0.6996334791183472,-8.161114692687988,nan,209.51031112670898
153,-0.7322140336036682,-8.265625953674316,nan,211.04538106918335
154,-0.6499106287956238,-7.929859638214111,nan,212.15896010398865
155,-0.6502053141593933,-8.152412414550781,nan,213.21756410598755
156,-0.6924486756324768,-7.748612403869629,nan,214.64194512367249
157,-0.6823933124542236,-8.001864433288574,nan,215.8569610118866
158,-0.6688913702964783,-7.912469863891602,nan,217.00937008857727
159,-0.6588948369026184,-8.15316390991211,nan,218.12568378448486
160,-0.6493964195251465,-8.085968017578125,nan,219.2595272064209
161,-0.6640775799751282,-7.9188232421875,nan,220.35927295684814
162,-0.6629224419593811,-8.01535415649414,nan,221.50316214561462
163,-0.6663931012153625,-8.116386413574219,nan,222.55611419677734
164,-0.6887056827545166,-7.933600425720215,nan,223.74692487716675
165,-0.650204598903656,-7.697900295257568,nan,224.8016791343689
166,-0.6963374614715576,-8.180596351623535,nan,225.9916980266571
167,-0.6865572333335876,-8.102119445800781,nan,227.19171595573425
168,-0.6925480365753174,-7.643418312072754,nan,228.32250785827637
169,-0.6633215546607971,-8.511312484741211,nan,229.4616379737854
170,-0.6867164373397827,-8.088804244995117,nan,230.69686698913574
171,-0.6808596253395081,-7.978122711181641,nan,231.9221601486206
172,-0.6747052073478699,-8.31959342956543,nan,233.0312271118164
173,-0.7329323887825012,-8.474478721618652,nan,234.31650614738464
174,-0.6677274107933044,-8.172605514526367,nan,235.35870599746704
175,-0.6735086441040039,-7.861672401428223,nan,236.47069787979126
176,-0.6679104566574097,-8.118650436401367,nan,237.5432848930359
177,-0.6712698340415955,-7.874037742614746,nan,238.62060523033142
178,-0.6576970815658569,-8.268580436706543,nan,239.6855971813202
179,-0.6984584927558899,-8.500489234924316,nan,240.8521339893341
180,-0.6913358569145203,-8.238754272460938,nan,242.12713313102722
181,-0.6552190184593201,-7.924710750579834,nan,243.32172799110413
182,-0.6900708079338074,-8.296485900878906,nan,244.44874000549316
183,-0.6546972990036011,-7.627859592437744,nan,245.74479413032532
184,-0.7245216369628906,-8.310367584228516,nan,247.09117197990417
185,-0.6578162908554077,-8.33146858215332,nan,248.22484397888184
186,-0.6919563412666321,-8.117024421691895,nan,249.45767998695374
187,-0.6433075666427612,-7.746912479400635,nan,250.74120593070984
188,-0.6945196390151978,-8.579351425170898,nan,252.08728313446045
189,-0.6614031195640564,-8.160361289978027,nan,253.13552713394165
190,-0.660955011844635,-8.415090560913086,nan,254.14452815055847
191,-0.693171501159668,-8.07171630859375,nan,255.29447603225708
192,-0.6607772707939148,-8.046953201293945,nan,256.3221380710602
193,-0.6904494166374207,-8.30456256866455,nan,257.50377202033997
194,-0.7031823992729187,-8.427124977111816,nan,258.6741189956665
195,-0.653678834438324,-8.075063705444336,nan,259.69883704185486
196,-0.6936130523681641,-8.575739860534668,nan,260.83146595954895
197,-0.6425614953041077,-8.318450927734375,nan,261.9080009460449
198,-0.6741868853569031,-8.310491561889648,nan,262.9599640369415
199,-0.6647838950157166,-8.419062614440918,nan,264.04451084136963
200,-0.7091948986053467,-7.606928825378418,-8.53623161315918,271.9350290298462
201,-0.6911839842796326,-8.073477745056152,nan,273.0872721672058
202,-0.6863839626312256,-7.942613124847412,nan,274.2400839328766
203,-0.6657871603965759,-7.966462135314941,nan,275.27869510650635
204,-0.7001381516456604,-8.159826278686523,nan,276.5774419307709
205,-0.6989830136299133,-8.356298446655273,nan,277.8057310581207
206,-0.643887460231781,-7.564105987548828,nan,278.9061770439148
207,-0.6854822039604187,-7.8311285972595215,nan,280.0418291091919
208,-0.6603585481643677,-8.087563514709473,nan,281.09460282325745
209,-0.6566738486289978,-8.12346363067627,nan,282.12265491485596
210,-0.6582698822021484,-8.335639953613281,nan,283.21347403526306
211,-0.7153869867324829,-7.949452877044678,nan,284.5014660358429
212,-0.6980043649673462,-8.234930038452148,nan,285.65905809402466
213,-0.6644038558006287,-8.118293762207031,nan,286.7400109767914
214,-0.7067327499389648,-8.21876049041748,nan,288.0278890132904
215,-0.6860859394073486,-8.124834060668945,nan,289.20071482658386
216,-0.6960522532463074,-8.211026191711426,nan,290.388295173645
217,-0.6912737488746643,-8.502304077148438,nan,291.6010489463806
218,-0.7155923843383789,-8.17575740814209,nan,292.9142189025879
219,-0.6666623950004578,-8.132335662841797,nan,294.1303222179413
220,-0.659898579120636,-8.202069282531738,nan,295.4042909145355
221,-0.6933891773223877,-7.738263130187988,nan,296.6441261768341
222,-0.6877849102020264,-8.093223571777344,nan,298.02939105033875
223,-0.7070658206939697,-8.300520896911621,nan,299.2770040035248
224,-0.6841582655906677,-8.066832542419434,nan,300.5742349624634
225,-0.6594425439834595,-8.358942031860352,nan,301.8510670661926
226,-0.6928541660308838,-7.935448169708252,nan,303.29916310310364
227,-0.6946620345115662,-8.22807788848877,nan,304.68896198272705
228,-0.6801523566246033,-7.800970554351807,nan,306.12643694877625
229,-0.6916093230247498,-8.27518367767334,nan,307.6210629940033
230,-0.6964742541313171,-8.431463241577148,nan,308.8744430541992
231,-0.6987634897232056,-8.112344741821289,nan,310.1457781791687
232,-0.6587103605270386,-7.964303016662598,nan,311.33738589286804
233,-0.6593972444534302,-8.285457611083984,nan,312.46880292892456
234,-0.6667198538780212,-8.213241577148438,nan,313.6686661243439
235,-0.6522159576416016,-8.042661666870117,nan,314.8457429409027
236,-0.6918652057647705,-7.983679294586182,nan,316.0875198841095
237,-0.6750949025154114,-8.337932586669922,nan,317.2432780265808
238,-0.6695238947868347,-8.218844413757324,nan,318.37451696395874
239,-0.6684540510177612,-8.19408130645752,nan,319.4959900379181
240,-0.6576406359672546,-8.205116271972656,nan,320.5714101791382
241,-0.7030380368232727,-8.096752166748047,nan,321.89835596084595
242,-0.6440730690956116,-7.714919090270996,nan,323.0616931915283
243,-0.7060339450836182,-8.614889144897461,nan,324.3427629470825
244,-0.6506310105323792,-7.657942771911621,nan,325.45136189460754
245,-0.6585044264793396,-7.922828197479248,nan,326.6887238025665
246,-0.7038129568099976,-8.194355010986328,nan,327.9537830352783
247,-0.7144795060157776,-8.200864791870117,nan,329.3753409385681
248,-0.696643054485321,-8.111620903015137,nan,330.54931712150574
249,-0.6952550411224365,-8.148656845092773,nan,331.73408603668213
250,-0.6695899367332458,-8.051572799682617,-8.741311645507812,339.90521001815796
251,-0.6423994898796082,-7.699239253997803,nan,341.1121129989624
252,-0.68415766954422,-7.759955883026123,nan,342.3966829776764
253,-0.6704742312431335,-8.170269966125488,nan,343.45402789115906
254,-0.6644320487976074,-7.833112716674805,nan,344.5376949310303
255,-0.7043308019638062,-8.270483016967773,nan,345.78254890441895
256,-0.6873747706413269,-8.053855895996094,nan,347.0170259475708
257,-0.6672720909118652,-8.24127197265625,nan,348.1165978908539
258,-0.6449981927871704,-7.69775390625,nan,349.38937997817993
259,-0.6621731519699097,-7.996101379394531,nan,350.6591122150421
260,-0.6589840054512024,-8.129617691040039,nan,351.89323592185974
261,-0.6576934456825256,-8.102058410644531,nan,353.093878030777
262,-0.6747609376907349,-8.1937255859375,nan,354.3550441265106
263,-0.660923957824707,-8.238471031188965,nan,355.5730001926422
264,-0.6964425444602966,-8.051814079284668,nan,356.90402388572693
265,-0.6929547190666199,-8.180322647094727,nan,358.1371281147003
266,-0.6615185737609863,-7.976870536804199,nan,359.24545979499817
267,-0.7045196890830994,-8.330208778381348,nan,360.57204699516296
268,-0.7161266207695007,-8.144598960876465,nan,361.98727798461914
269,-0.7028116583824158,-8.428133964538574,nan,363.30490493774414
270,-0.689013659954071,-8.284358024597168,nan,364.6613070964813
271,-0.7157865166664124,-7.961257457733154,nan,366.2532331943512
272,-0.694982647895813,-7.964076519012451,nan,367.61428713798523
273,-0.6973303556442261,-8.336971282958984,nan,368.88836693763733
274,-0.7201996445655823,-8.039178848266602,nan,370.3230698108673
275,-0.6969122290611267,-8.407164573669434,nan,371.6748368740082
276,-0.6695796251296997,-8.205147743225098,nan,372.8215432167053
277,-0.7032615542411804,-8.103199005126953,nan,374.12628197669983
278,-0.6604734659194946,-7.8585333824157715,nan,375.25049901008606
279,-0.6952327489852905,-8.04304027557373,nan,376.4894320964813
280,-0.7107202410697937,-8.551135063171387,nan,377.87244415283203
281,-0.7017167210578918,-8.199163436889648,nan,379.3295650482178
282,-0.6923767924308777,-7.9026384353637695,nan,380.5638220310211
283,-0.6972895860671997,-8.154108047485352,nan,381.8160150051117
284,-0.6627678275108337,-8.292854309082031,nan,382.9788751602173
285,-0.6978170275688171,-8.254372596740723,nan,384.1869239807129
286,-0.7069084644317627,-8.07453727722168,nan,385.4664738178253
287,-0.7202054858207703,-8.222806930541992,nan,386.97287011146545
288,-0.6607703566551208,-8.12002182006836,nan,388.102343082428
289,-0.6713359951972961,-8.378897666931152,nan,389.2425651550293
290,-0.676066517829895,-8.284027099609375,nan,390.5323371887207
291,-0.6584917306900024,-8.180145263671875,nan,391.5978879928589
292,-0.7015607357025146,-8.688176155090332,nan,392.7964289188385
293,-0.6706811189651489,-8.064730644226074,nan,393.9424910545349
294,-0.675015926361084,-8.355184555053711,nan,395.05348896980286
295,-0.7142964005470276,-8.09128475189209,nan,396.59809494018555
296,-0.7057867050170898,-8.37474536895752,nan,397.918044090271
297,-0.7000423073768616,-8.220754623413086,nan,399.2279601097107
298,-0.6479514241218567,-8.079174995422363,nan,400.5526690483093
299,-0.7232075929641724,-8.51992416381836,nan,401.86798310279846
300,-0.6657792925834656,-7.829493522644043,-8.670056056976318,410.3424470424652
301,-0.6558414697647095,-7.940832614898682,nan,411.5194568634033
302,-0.6931788921356201,-8.22801685333252,nan,412.7527849674225
303,-0.6659939885139465,-7.995831489562988,nan,413.82357001304626
304,-0.6940427422523499,-8.119147300720215,nan,415.1327579021454
305,-0.6617428064346313,-8.387568473815918,nan,416.2805302143097
306,-0.6715764999389648,-7.857827663421631,nan,417.47173285484314
307,-0.6721023321151733,-8.026531219482422,nan,418.65976309776306
308,-0.6575019955635071,-7.996655464172363,nan,419.787801027298
309,-0.6933786273002625,-8.098362922668457,nan,421.1222801208496
310,-0.6430749297142029,-8.118226051330566,nan,422.2376070022583
311,-0.6985194087028503,-7.981804847717285,nan,423.46364521980286
312,-0.6536315679550171,-8.023640632629395,nan,424.5525732040405
313,-0.6581477522850037,-8.021252632141113,nan,425.7929470539093
314,-0.6775543093681335,-7.8709492683410645,nan,427.0369780063629
315,-0.7023230791091919,-8.016239166259766,nan,428.2681782245636
316,-0.6577997207641602,-8.093208312988281,nan,429.5041480064392
317,-0.668633759021759,-8.243011474609375,nan,430.64768505096436
318,-0.7276499271392822,-8.092260360717773,nan,432.0469968318939
319,-0.7016642093658447,-8.129190444946289,nan,433.4238359928131
320,-0.6474189162254333,-8.153194427490234,nan,434.8395781517029
321,-0.6872543096542358,-8.091917037963867,nan,436.1151170730591
322,-0.6937123537063599,-7.534314155578613,nan,437.38260197639465
323,-0.696678102016449,-8.057706832885742,nan,438.66407895088196
324,-0.7019293904304504,-7.958749771118164,nan,439.897686958313
325,-0.6882731318473816,-8.275444984436035,nan,441.12737703323364
326,-0.6475166082382202,-8.535481452941895,nan,442.3954322338104
327,-0.694335401058197,-8.378396987915039,nan,443.6281578540802
328,-0.6645059585571289,-7.920803070068359,nan,444.8169639110565
329,-0.6890501379966736,-8.333643913269043,nan,446.10684609413147
330,-0.6859274506568909,-7.934091567993164,nan,447.2795398235321
331,-0.6955926418304443,-8.230156898498535,nan,448.467591047287
332,-0.6957396864891052,-8.26737117767334,nan,449.66226506233215
333,-0.6975616216659546,-7.9402923583984375,nan,450.82600116729736
334,-0.7233852744102478,-8.416770935058594,nan,452.1189181804657
335,-0.6500997543334961,-7.662471294403076,nan,453.2364242076874
336,-0.6611024737358093,-8.117029190063477,nan,454.4157521724701
337,-0.7043495774269104,-7.890017509460449,nan,455.5904760360718
338,-0.6990148425102234,-8.191546440124512,nan,456.8114721775055
339,-0.6540206670761108,-8.188959121704102,nan,457.90693283081055
340,-0.6837472319602966,-8.269905090332031,nan,459.1067271232605
341,-0.6623063683509827,-7.809429168701172,nan,460.2754831314087
342,-0.7051429152488708,-7.919456958770752,nan,461.7422208786011
343,-0.6646021008491516,-8.320697784423828,nan,462.9047420024872
344,-0.6355739831924438,-7.320197105407715,nan,464.1294779777527
345,-0.7006338238716125,-8.379352569580078,nan,465.36546301841736
346,-0.7159770727157593,-8.242500305175781,nan,466.778480052948
347,-0.7022464871406555,-7.899430274963379,nan,468.0402328968048
348,-0.6933643817901611,-8.015582084655762,nan,469.33854508399963
349,-0.6940585970878601,-8.126178741455078,nan,470.7093138694763
350,-0.6634240746498108,-8.041075706481934,-8.587658405303955,478.7505021095276
351,-0.6930546164512634,-8.640939712524414,nan,480.1104109287262
352,-0.650658130645752,-8.195887565612793,nan,481.29158902168274
353,-0.6693837642669678,-8.361661911010742,nan,482.5504848957062
354,-0.6942155957221985,-8.281632423400879,nan,483.7108299732208
355,-0.6969737410545349,-7.972304344177246,nan,485.08177399635315
356,-0.6976349353790283,-8.172268867492676,nan,486.39496207237244
357,-0.6628247499465942,-8.18088436126709,nan,487.53447103500366
358,-0.6997377872467041,-8.058914184570312,nan,488.75090980529785
359,-0.6986801028251648,-8.141944885253906,nan,490.03181195259094
360,-0.6897709369659424,-8.117395401000977,nan,491.21986389160156
361,-0.6626046895980835,-7.991886138916016,nan,492.2867910861969
362,-0.6555806398391724,-7.938238620758057,nan,493.34300112724304
363,-0.6565179228782654,-8.137802124023438,nan,494.40996408462524
364,-0.710542619228363,-8.554630279541016,nan,495.6440989971161
365,-0.7214961647987366,-8.776308059692383,nan,496.8361840248108
366,-0.7209961414337158,-8.301151275634766,nan,498.10696482658386
367,-0.6502660512924194,-8.122246742248535,nan,499.1961100101471
368,-0.7012117505073547,-8.23280143737793,nan,500.4110891819
369,-0.7134367823600769,-8.423873901367188,nan,501.69155502319336
370,-0.6775129437446594,-8.237184524536133,nan,502.9674768447876
371,-0.6562324166297913,-8.09543514251709,nan,504.0661590099335
372,-0.6854764819145203,-7.999216079711914,nan,505.35316801071167
373,-0.6920486688613892,-8.150618553161621,nan,506.56470489501953
374,-0.6657577157020569,-7.947041988372803,nan,507.70614218711853
375,-0.6549726128578186,-7.884400367736816,nan,508.92073106765747
376,-0.6953418254852295,-8.061067581176758,nan,510.1733522415161
377,-0.678627073764801,-8.164273262023926,nan,511.37514901161194
378,-0.6944151520729065,-8.13081169128418,nan,512.5986149311066
379,-0.6602067947387695,-8.125492095947266,nan,513.7665860652924
380,-0.6987218260765076,-8.247995376586914,nan,515.1408030986786
381,-0.6891588568687439,-8.203988075256348,nan,516.4316651821136
382,-0.6451479196548462,-7.91541051864624,nan,517.5502419471741
383,-0.7063027024269104,-8.128190040588379,nan,518.8185441493988
384,-0.6946306228637695,-7.792052745819092,nan,520.084440946579
385,-0.6576746106147766,-8.089834213256836,nan,521.178435087204
386,-0.7092176079750061,-7.832839488983154,nan,522.5591311454773
387,-0.6895261406898499,-8.20809555053711,nan,523.752051115036
388,-0.6660467982292175,-7.995242595672607,nan,524.8302330970764
389,-0.6485159993171692,-7.7773284912109375,nan,525.9470088481903
390,-0.6754255890846252,-8.398362159729004,nan,527.0881440639496
391,-0.7049719095230103,-8.039536476135254,nan,528.3030371665955
392,-0.6600378751754761,-8.167767524719238,nan,529.4730710983276
393,-0.700226366519928,-8.121646881103516,nan,530.6841688156128
394,-0.6952018737792969,-7.947738170623779,nan,532.0599999427795
395,-0.6596230864524841,-7.859669208526611,nan,533.1874260902405
396,-0.7023866772651672,-8.215938568115234,nan,534.41530418396
397,-0.661584734916687,-8.40650749206543,nan,535.4885890483856
398,-0.6511269807815552,-8.123054504394531,nan,536.6184937953949
399,-0.6674230694770813,-8.374537467956543,nan,537.7569582462311
400,-0.6938844323158264,-8.313364028930664,-8.525228118896484,545.4968271255493
401,-0.6839016079902649,-8.220829010009766,nan,546.7816088199615
402,-0.7261119484901428,-8.05233383178711,nan,548.0808169841766
403,-0.6940821409225464,-7.847996711730957,nan,549.4242889881134
404,-0.6665149331092834,-7.979764461517334,nan,550.5291039943695
405,-0.6585208773612976,-7.968557357788086,nan,551.6399002075195
406,-0.7110079526901245,-8.16046142578125,nan,552.935553073883
407,-0.6824371218681335,-8.208662033081055,nan,554.2390701770782
408,-0.6681013107299805,-8.21609115600586,nan,555.4087290763855
409,-0.6805258989334106,-8.248079299926758,nan,556.5853071212769
410,-0.6931076049804688,-7.9955878257751465,nan,557.7216958999634
411,-0.6733412742614746,-8.34246826171875,nan,558.7746059894562
412,-0.6649191975593567,-8.05363655090332,nan,559.950385093689
413,-0.6685418486595154,-8.144551277160645,nan,561.0368940830231
414,-0.6616072058677673,-8.170859336853027,nan,562.0892610549927
415,-0.6525447964668274,-7.944840431213379,nan,563.1603410243988
416,-0.6695380806922913,-8.19892406463623,nan,564.2086062431335
417,-0.6754530072212219,-7.822911262512207,nan,565.4056339263916
418,-0.6644490957260132,-7.935412406921387,nan,566.4399421215057
419,-0.6806236505508423,-8.085041999816895,nan,567.8859770298004
420,-0.6900186538696289,-8.070276260375977,nan,569.1866102218628
421,-0.6971520781517029,-8.343236923217773,nan,570.4023239612579
422,-0.6950821280479431,-8.323749542236328,nan,571.5845191478729
423,-0.661194384098053,-8.053139686584473,nan,572.7182750701904
424,-0.6811653971672058,-8.038345336914062,nan,573.9285218715668
425,-0.6665834188461304,-8.246999740600586,nan,575.007266998291
426,-0.6954286694526672,-8.227402687072754,nan,576.1693429946899
427,-0.7211066484451294,-7.942721843719482,nan,577.4234149456024
428,-0.6870533227920532,-8.110365867614746,nan,578.6453080177307
429,-0.6623119711875916,-8.425690650939941,nan,579.7629899978638
430,-0.7071983814239502,-7.986135005950928,nan,581.1513409614563
431,-0.6507130861282349,-7.966618537902832,nan,582.2511110305786
432,-0.7223746180534363,-7.984487533569336,nan,583.5427391529083
433,-0.7108951210975647,-8.163592338562012,nan,584.8472979068756
434,-0.686894953250885,-8.23741626739502,nan,586.0398740768433
435,-0.7047625780105591,-7.9267802238464355,nan,587.3133890628815
436,-0.6136327385902405,-8.524052619934082,nan,588.2706360816956
437,-0.6873215436935425,-7.837705612182617,nan,589.6056139469147
438,-0.6855395436286926,-8.049737930297852,nan,590.8749301433563
439,-0.6919766664505005,-8.04788589477539,nan,592.0677070617676
440,-0.6954520344734192,-8.463456153869629,nan,593.6021270751953
441,-0.6712487936019897,-8.443167686462402,nan,594.9914951324463
442,-0.6506780385971069,-8.066766738891602,nan,596.1755249500275
443,-0.6540854573249817,-8.14393424987793,nan,597.4433770179749
444,-0.6802453398704529,-8.29024887084961,nan,598.711746931076
445,-0.7038244009017944,-8.120641708374023,nan,600.0814938545227
446,-0.6919676065444946,-8.062060356140137,nan,601.4981429576874
447,-0.658057689666748,-8.085963249206543,nan,603.0337362289429
448,-0.7204159498214722,-8.320979118347168,nan,604.3987829685211
449,-0.671750545501709,-7.895606517791748,nan,605.5812509059906
450,-0.7067040801048279,-8.481478691101074,-8.747238445281983,613.7511630058289
451,-0.691235363483429,-8.081487655639648,nan,615.0602111816406
452,-0.7175502777099609,-7.962677001953125,nan,616.4815919399261
453,-0.6381979584693909,-7.575343608856201,nan,617.7276930809021
454,-0.6628419160842896,-7.528865814208984,nan,618.9473741054535
455,-0.7026733160018921,-8.412210464477539,nan,620.3435370922089
456,-0.7069529891014099,-8.163216590881348,nan,621.7650420665741
457,-0.6552814245223999,-8.366961479187012,nan,622.8785808086395
458,-0.6483064889907837,-8.089324951171875,nan,624.14146900177
459,-0.6897999048233032,-8.050220489501953,nan,625.3692770004272
460,-0.6954018473625183,-8.234786987304688,nan,626.5835628509521
461,-0.6987102627754211,-8.280721664428711,nan,627.7868809700012
462,-0.6919856667518616,-7.803297519683838,nan,628.9882390499115
463,-0.6974003911018372,-8.253692626953125,nan,630.2575709819794
464,-0.654491126537323,-7.761517524719238,nan,631.5176990032196
465,-0.6882703304290771,-7.850632667541504,nan,632.8454189300537
466,-0.6793731451034546,-8.048006057739258,nan,634.174302816391
467,-0.6888827085494995,-8.132621765136719,nan,635.5118088722229
468,-0.6678134799003601,-8.246330261230469,nan,636.7018411159515
469,-0.6615480184555054,-8.059871673583984,nan,637.8563320636749
470,-0.7064551711082458,-8.176989555358887,nan,639.182657957077
471,-0.6380870938301086,-8.019024848937988,nan,640.272262096405
472,-0.6951228976249695,-8.292848587036133,nan,641.409656047821
473,-0.698050856590271,-8.102755546569824,nan,642.5554468631744
474,-0.6590486764907837,-8.296096801757812,nan,643.7013790607452
475,-0.6723119020462036,-8.372703552246094,nan,644.917319059372
476,-0.6691095232963562,-8.24898910522461,nan,645.9798541069031
477,-0.658374011516571,-8.237271308898926,nan,647.0330941677094
478,-0.6572741270065308,-8.299782752990723,nan,648.0963530540466
479,-0.697788655757904,-7.826791286468506,nan,649.4353840351105
480,-0.6848544478416443,-7.65564489364624,nan,650.6316452026367
481,-0.6578750014305115,-8.009391784667969,nan,651.8585698604584
482,-0.6601983904838562,-8.155302047729492,nan,652.9234211444855
483,-0.6644217371940613,-8.250697135925293,nan,654.059944152832
484,-0.6883667707443237,-7.875130653381348,nan,655.1838870048523
485,-0.7001596093177795,-8.308822631835938,nan,656.3428781032562
486,-0.6927022337913513,-8.03278636932373,nan,657.5531282424927
487,-0.6596017479896545,-8.214570999145508,nan,658.599879026413
488,-0.6844263076782227,-8.292929649353027,nan,659.7277591228485
489,-0.7006372809410095,-7.939637660980225,nan,660.9213559627533
490,-0.7035606503486633,-7.813742637634277,nan,662.0647830963135
491,-0.7223775386810303,-7.9911322593688965,nan,663.2871530056
492,-0.695694625377655,-8.286867141723633,nan,664.48029088974
493,-0.7061132192611694,-8.000043869018555,nan,665.7595000267029
494,-0.6894534826278687,-8.194960594177246,nan,667.0135028362274
495,-0.6688315272331238,-8.06959056854248,nan,668.1223659515381
496,-0.682560920715332,-7.977826118469238,nan,669.4467680454254
497,-0.6512117981910706,-7.723219871520996,nan,670.560201883316
498,-0.6963534951210022,-8.427659034729004,nan,671.7481472492218
499,-0.6913625001907349,-8.079718589782715,nan,672.9296128749847
500,-0.6948696970939636,-8.215055465698242,-8.819242191314697,680.6127569675446
501,-0.6531022787094116,-8.200664520263672,nan,681.7002809047699
502,-0.6690199971199036,-8.05823040008545,nan,682.8426868915558
503,-0.6557427644729614,-8.152745246887207,nan,683.9240298271179
504,-0.6913583278656006,-7.850362777709961,nan,685.0941710472107
505,-0.6851873397827148,-8.100299835205078,nan,686.2323780059814
506,-0.6842659115791321,-8.183816909790039,nan,687.3568539619446
507,-0.6744878888130188,-8.13086986541748,nan,688.5477459430695
508,-0.7300592660903931,-8.44050407409668,nan,689.8881430625916
509,-0.7151694893836975,-8.2105712890625,nan,691.1944208145142
510,-0.7063203454017639,-8.450418472290039,nan,692.4913680553436
511,-0.6504353284835815,-7.891406536102295,nan,693.6466491222382
512,-0.656919538974762,-8.1814546585083,nan,694.7670619487762
513,-0.6937432885169983,-8.113632202148438,nan,696.1313278675079
514,-0.6814041137695312,-7.947412490844727,nan,697.4254078865051
515,-0.7036426067352295,-8.315616607666016,nan,698.6263890266418
516,-0.6577168703079224,-8.21478271484375,nan,700.1415531635284
517,-0.7110278010368347,-8.187772750854492,nan,701.4660310745239
518,-0.6888524889945984,-8.347259521484375,nan,702.7654740810394
519,-0.721127450466156,-8.416077613830566,nan,704.172621011734
520,-0.7044360041618347,-8.215261459350586,nan,705.3191390037537
521,-0.697606086730957,-8.358161926269531,nan,706.479425907135
522,-0.6933068037033081,-8.160696029663086,nan,707.6498200893402
523,-0.6666244864463806,-8.23619270324707,nan,708.7173521518707
524,-0.6749953031539917,-7.917534828186035,nan,709.8268368244171
525,-0.6910898685455322,-8.075088500976562,nan,711.0431878566742
526,-0.6870436072349548,-7.701479434967041,nan,712.1609470844269
527,-0.6507962942123413,-8.15054988861084,nan,713.2230062484741
528,-0.6931379437446594,-7.887266159057617,nan,714.3958518505096
529,-0.6474889516830444,-7.7671356201171875,nan,715.4675509929657
530,-0.7217116951942444,-8.232599258422852,nan,716.734249830246
531,-0.6927083730697632,-8.434523582458496,nan,717.9162390232086
532,-0.6989898085594177,-8.476571083068848,nan,719.073609828949
533,-0.7015993595123291,-8.20326042175293,nan,720.2378258705139
534,-0.6601411700248718,-7.813941955566406,nan,721.302726984024
535,-0.6879127621650696,-8.017091751098633,nan,722.5097069740295
536,-0.6569496989250183,-8.058183670043945,nan,723.581433057785
537,-0.6564221978187561,-7.859221458435059,nan,724.7121651172638
538,-0.6933580636978149,-7.876069068908691,nan,725.9659600257874
539,-0.6915079355239868,-8.034521102905273,nan,727.16606092453
540,-0.6972174048423767,-8.05611515045166,nan,728.4063739776611
541,-0.6862115263938904,-7.757987022399902,nan,729.5447909832001
542,-0.6945347189903259,-8.231719017028809,nan,730.7758250236511
543,-0.6892766952514648,-7.882392406463623,nan,732.0064868927002
544,-0.6813299655914307,-8.2912015914917,nan,733.2270739078522
545,-0.682455837726593,-7.886614799499512,nan,734.4345290660858
546,-0.658404529094696,-8.235906600952148,nan,735.5609710216522
547,-0.7061233520507812,-7.806427478790283,nan,736.8091309070587
548,-0.6470852494239807,-8.11622142791748,nan,737.8427469730377
549,-0.6975961327552795,-8.46510124206543,nan,739.012176990509
550,-0.6810134649276733,-7.818042755126953,-8.804467964172364,746.8643810749054
551,-0.6911763548851013,-8.339886665344238,nan,748.0948991775513
552,-0.6758782863616943,-7.950396537780762,nan,749.543370962143
553,-0.6559696793556213,-7.8572893142700195,nan,750.7005140781403
554,-0.6984306573867798,-8.002552032470703,nan,752.0783970355988
555,-0.6727662682533264,-8.341806411743164,nan,753.2619712352753
556,-0.7106963992118835,-8.163904190063477,nan,754.633791923523
557,-0.6602359414100647,-8.11868953704834,nan,755.8230230808258
558,-0.6887170672416687,-8.083656311035156,nan,757.0459439754486
559,-0.6983829736709595,-8.151769638061523,nan,758.278018951416
560,-0.6681875586509705,-8.115150451660156,nan,759.4321069717407
561,-0.7041095495223999,-7.8578877449035645,nan,760.8209419250488
562,-0.6834478974342346,-8.076106071472168,nan,762.1487510204315
563,-0.6640448570251465,-8.0394287109375,nan,763.4817740917206
564,-0.6577631831169128,-7.98631477355957,nan,764.6697509288788
565,-0.6919462084770203,-8.14037799835205,nan,765.87797498703
566,-0.6649474501609802,-8.012120246887207,nan,766.9165811538696
567,-0.6521578431129456,-7.77678108215332,nan,767.9708299636841
568,-0.6522992253303528,-7.894139289855957,nan,769.1722431182861
569,-0.6878112554550171,-8.238312721252441,nan,770.2994878292084
570,-0.665172278881073,-8.402912139892578,nan,771.3493208885193
571,-0.6697369813919067,-8.179492950439453,nan,772.5019319057465
572,-0.6653744578361511,-8.16742992401123,nan,773.5563628673553
573,-0.694750189781189,-7.877171993255615,nan,774.8037858009338
574,-0.6939906477928162,-7.881038665771484,nan,776.0141501426697
575,-0.6812739968299866,-8.072293281555176,nan,777.3158519268036
576,-0.6954402923583984,-8.12010383605957,nan,778.5994989871979
577,-0.6883469223976135,-8.05715560913086,nan,779.9786279201508
578,-0.6987177133560181,-7.919950485229492,nan,781.1822190284729
579,-0.6781203746795654,-7.692338943481445,nan,782.5535230636597
580,-0.6621139645576477,-8.279365539550781,nan,783.8403718471527
581,-0.6847970485687256,-7.6940131187438965,nan,785.2005929946899
582,-0.6826573610305786,-7.938002109527588,nan,786.454980134964
583,-0.7154920101165771,-8.099882125854492,nan,788.0688529014587
584,-0.6898811459541321,-7.737183570861816,nan,789.6430809497833
585,-0.6903975605964661,-8.062797546386719,nan,790.8697919845581
586,-0.6854636669158936,-8.196523666381836,nan,792.1148550510406
587,-0.6989656686782837,-7.532228469848633,nan,793.3075139522552
588,-0.7002257108688354,-8.345783233642578,nan,794.5317878723145
589,-0.6990353465080261,-8.245741844177246,nan,795.8375940322876
590,-0.6529032588005066,-8.152588844299316,nan,797.1553268432617
591,-0.6947643756866455,-8.222588539123535,nan,798.3682007789612
592,-0.6736429929733276,-8.434165954589844,nan,799.463397026062
593,-0.7046335935592651,-8.210433959960938,nan,800.7098531723022
594,-0.655083179473877,-8.320526123046875,nan,801.894357919693
595,-0.6576926112174988,-8.568140029907227,nan,803.0075449943542
596,-0.6850055456161499,-7.883777141571045,nan,804.1877870559692
597,-0.6576948165893555,-8.045948028564453,nan,805.3033239841461
598,-0.6793835759162903,-8.062946319580078,nan,806.4923079013824
599,-0.7000755071640015,-8.141828536987305,nan,807.6094708442688
600,-0.6369672417640686,-7.900979995727539,-8.75841760635376,815.3597369194031
601,-0.6499636769294739,-8.056558609008789,nan,816.5161139965057
602,-0.6530829071998596,-8.223987579345703,nan,817.6750781536102
603,-0.6752120852470398,-7.643518447875977,nan,818.8602101802826
604,-0.6524321436882019,-8.338502883911133,nan,819.8525109291077
605,-0.6445425748825073,-8.104226112365723,nan,820.9456419944763
606,-0.6926848888397217,-7.991036415100098,nan,822.0955281257629
607,-0.691552996635437,-8.23820686340332,nan,823.3605501651764
608,-0.7023908495903015,-8.185076713562012,nan,824.5075008869171
609,-0.6644392013549805,-8.453936576843262,nan,825.6017739772797
610,-0.6635915040969849,-8.12811279296875,nan,826.6487588882446
611,-0.6551373600959778,-8.074270248413086,nan,827.7261760234833
612,-0.6947640776634216,-7.994864463806152,nan,828.9241011142731
613,-0.6510230898857117,-7.929799556732178,nan,829.9963161945343
614,-0.7144513130187988,-8.219698905944824,nan,831.254252910614
615,-0.7004542946815491,-8.19398021697998,nan,832.4335780143738
616,-0.6854888796806335,-7.984487533569336,nan,833.5945100784302
617,-0.6868293881416321,-7.891729354858398,nan,834.8456659317017
618,-0.6817188858985901,-8.080645561218262,nan,835.9653611183167
619,-0.6934853792190552,-7.984078407287598,nan,837.1612091064453
620,-0.6504655480384827,-7.713491916656494,nan,838.2621128559113
621,-0.6545120477676392,-7.924516201019287,nan,839.3686981201172
622,-0.6723330616950989,-8.327014923095703,nan,840.4592959880829
623,-0.6950387954711914,-7.885976791381836,nan,841.5897979736328
624,-0.6516345143318176,-7.986629962921143,nan,842.6658411026001
625,-0.6882072687149048,-7.599766731262207,nan,843.8386678695679
626,-0.6492500901222229,-7.829427719116211,nan,845.0809478759766
627,-0.7003081440925598,-8.368409156799316,nan,846.2721939086914
628,-0.7209807634353638,-8.130455017089844,nan,847.5360329151154
629,-0.6888881921768188,-8.015138626098633,nan,848.7225141525269
630,-0.7019485831260681,-8.212370872497559,nan,849.8946349620819
631,-0.7039062976837158,-8.4124755859375,nan,851.1110010147095
632,-0.6696053743362427,-8.539260864257812,nan,852.1642270088196
633,-0.6355314254760742,-8.21729850769043,nan,853.2683539390564
634,-0.7135360240936279,-8.244115829467773,nan,854.505576133728
635,-0.6634959578514099,-8.0242338180542,nan,855.7915601730347
636,-0.6989191770553589,-8.25110149383545,nan,856.9043610095978
637,-0.657091498374939,-7.856204509735107,nan,858.0010049343109
638,-0.6568516492843628,-8.254035949707031,nan,859.0357081890106
639,-0.6508992314338684,-7.905514717102051,nan,860.1336019039154
640,-0.7207785844802856,-8.092065811157227,nan,861.4184370040894
641,-0.6991395354270935,-8.033841133117676,nan,862.5817959308624
642,-0.6675059199333191,-8.316795349121094,nan,863.6581389904022
643,-0.6477352380752563,-8.3937349319458,nan,864.711795091629
644,-0.6880348920822144,-7.886732578277588,nan,865.9096481800079
645,-0.6840678453445435,-8.15711784362793,nan,867.0636479854584
646,-0.69548100233078,-8.257562637329102,nan,868.2517700195312
647,-0.6869734525680542,-7.935626029968262,nan,869.4533181190491
648,-0.711753249168396,-8.617643356323242,nan,870.6391751766205
649,-0.6859085559844971,-7.673705101013184,nan,871.7714970111847
650,-0.6892104744911194,-8.116141319274902,-8.708749198913575,879.2171161174774
651,-0.6960431337356567,-8.189848899841309,nan,880.4294168949127
652,-0.6821015477180481,-7.819614887237549,nan,881.691908121109
653,-0.6568596959114075,-8.215303421020508,nan,882.7509160041809
654,-0.692943274974823,-8.029629707336426,nan,883.9261071681976
655,-0.6622539162635803,-8.109336853027344,nan,884.9487421512604
656,-0.6938320994377136,-8.245878219604492,nan,886.0801899433136
657,-0.6780796051025391,-7.681312561035156,nan,887.243124961853
658,-0.659406840801239,-8.041624069213867,nan,888.3536229133606
659,-0.6626598238945007,-8.437217712402344,nan,889.3989379405975
660,-0.7006149888038635,-7.913147926330566,nan,890.5433809757233
661,-0.6829828023910522,-8.360469818115234,nan,891.5799169540405
662,-0.6504499316215515,-8.015058517456055,nan,892.6950340270996
663,-0.6885706186294556,-7.826440811157227,nan,893.8310928344727
664,-0.6557545065879822,-8.102521896362305,nan,894.8519341945648
665,-0.6632653474807739,-8.257988929748535,nan,895.8982520103455
666,-0.6611756086349487,-8.094183921813965,nan,896.9602780342102
667,-0.6938375234603882,-7.941778182983398,nan,898.0923869609833
668,-0.703588604927063,-8.260295867919922,nan,899.2902200222015
669,-0.6977348923683167,-8.269828796386719,nan,900.4156939983368
670,-0.6963267922401428,-7.751110553741455,nan,901.5964760780334
671,-0.7104800939559937,-8.310060501098633,nan,902.844162940979
672,-0.6729798913002014,-8.013975143432617,nan,903.9719700813293
673,-0.6708357930183411,-8.198062896728516,nan,905.1467261314392
674,-0.6920999884605408,-8.14364242553711,nan,906.2819077968597
675,-0.6942013502120972,-8.080500602722168,nan,907.3977670669556
676,-0.69427090883255,-7.886127471923828,nan,908.6086599826813
677,-0.718488335609436,-7.945171356201172,nan,909.8536622524261
678,-0.6846387982368469,-7.960600852966309,nan,911.0512080192566
679,-0.6852087378501892,-7.8611016273498535,nan,912.1834301948547
680,-0.728824257850647,-8.089963912963867,nan,913.4070489406586
681,-0.6945211291313171,-7.920149326324463,nan,914.5408108234406
682,-0.6491076350212097,-8.475241661071777,nan,915.6060700416565
683,-0.6879971623420715,-8.140727043151855,nan,916.6929850578308
684,-0.650905430316925,-7.809772968292236,nan,917.7206718921661
685,-0.6483756899833679,-8.194795608520508,nan,918.7444798946381
686,-0.6844679713249207,-8.018153190612793,nan,919.851156949997
687,-0.7263196706771851,-8.312026977539062,nan,921.0761351585388
688,-0.6623505353927612,-8.220621109008789,nan,922.1077291965485
689,-0.6748054623603821,-8.271696090698242,nan,923.1542620658875
690,-0.7126556634902954,-8.075064659118652,nan,924.3830728530884
691,-0.6523725390434265,-8.342500686645508,nan,925.4312989711761
692,-0.6914544701576233,-7.639678955078125,nan,926.5679678916931
693,-0.6534003615379333,-7.981193542480469,nan,927.6197600364685
694,-0.6612867712974548,-8.38054370880127,nan,928.6477081775665
695,-0.6906241178512573,-8.050447463989258,nan,929.7832670211792
696,-0.6550973653793335,-8.131732940673828,nan,930.8325660228729
697,-0.6827173233032227,-7.804929256439209,nan,932.0014388561249
698,-0.6926944255828857,-8.159123420715332,nan,933.2021219730377
699,-0.668605387210846,-8.136883735656738,nan,934.2466111183167
700,-0.6967149972915649,-8.14631462097168,-8.733795356750488,941.7725229263306
701,-0.656391441822052,-8.022246360778809,nan,942.8353519439697
702,-0.697681188583374,-8.277959823608398,nan,943.9482669830322
703,-0.7155540585517883,-8.222200393676758,nan,945.1930129528046
704,-0.6917954683303833,-8.384135246276855,nan,946.298101902008
705,-0.7005423903465271,-7.987697601318359,nan,947.4423220157623
706,-0.695602536201477,-7.9283976554870605,nan,948.6347870826721
707,-0.7031542062759399,-7.897266864776611,nan,949.7798230648041
708,-0.6947923898696899,-7.956727981567383,nan,950.9150800704956
709,-0.6887425780296326,-8.136078834533691,nan,952.1006240844727
710,-0.6530589461326599,-8.222099304199219,nan,953.0984230041504
711,-0.7121200561523438,-8.074822425842285,nan,954.5230371952057
712,-0.6893861889839172,-7.962791919708252,nan,955.7343020439148
713,-0.7040090560913086,-8.594250679016113,nan,956.8785269260406
714,-0.6924908757209778,-7.84223747253418,nan,957.9933469295502
715,-0.6919679045677185,-8.060639381408691,nan,959.1535930633545
716,-0.7200548052787781,-8.039535522460938,nan,960.4147508144379
717,-0.692595362663269,-7.88613224029541,nan,961.59748005867
718,-0.7027789950370789,-7.947387218475342,nan,962.7150840759277
719,-0.6898893117904663,-7.701499938964844,nan,963.8384549617767
720,-0.7024548053741455,-8.207256317138672,nan,965.0603439807892
721,-0.6667253375053406,-8.448417663574219,nan,966.1138489246368
722,-0.6506829261779785,-7.872348308563232,nan,967.1387550830841
723,-0.7236069440841675,-8.22138500213623,nan,968.4396150112152
724,-0.6967784762382507,-8.330057144165039,nan,969.5844099521637
725,-0.7228645086288452,-8.046082496643066,nan,970.8090200424194
726,-0.7030237317085266,-8.081870079040527,nan,971.9410669803619
727,-0.6948537230491638,-8.221084594726562,nan,973.1005501747131
728,-0.6632397770881653,-8.223244667053223,nan,974.1651828289032
729,-0.7060841917991638,-8.063424110412598,nan,975.3076221942902
730,-0.6704825758934021,-8.603055953979492,nan,976.4104080200195
731,-0.698952853679657,-8.359238624572754,nan,977.605721950531
732,-0.6490823030471802,-7.955660820007324,nan,978.6939060688019
733,-0.7009273767471313,-8.400164604187012,nan,979.8315470218658
734,-0.6802838444709778,-7.866949558258057,nan,980.977105140686
735,-0.698184072971344,-8.268528938293457,nan,982.0803220272064
736,-0.6933026909828186,-7.951204776763916,nan,983.246729850769
737,-0.712691068649292,-7.955005168914795,nan,984.4198379516602
738,-0.6666545271873474,-8.145527839660645,nan,985.4797830581665
739,-0.7102997303009033,-8.182790756225586,nan,986.5849618911743
740,-0.6924515962600708,-8.184749603271484,nan,987.6975619792938
741,-0.6644736528396606,-8.491374969482422,nan,988.8057389259338
742,-0.6597349047660828,-8.191619873046875,nan,989.8060619831085
743,-0.6610215306282043,-8.339996337890625,nan,990.8149240016937
744,-0.6994903087615967,-7.702573299407959,nan,991.9349989891052
745,-0.6940746903419495,-8.061089515686035,nan,993.0154800415039
746,-0.6500847935676575,-7.8550519943237305,nan,994.0599129199982
747,-0.695489227771759,-8.12575912475586,nan,995.2033681869507
748,-0.7167021036148071,-7.932348251342773,nan,996.3826830387115
749,-0.6787708401679993,-8.282297134399414,nan,997.402181148529
750,-0.6994004845619202,-8.358389854431152,-8.657436656951905,1004.8160848617554
751,-0.7054083943367004,-8.165739059448242,nan,1005.9407248497009
752,-0.690369725227356,-8.005462646484375,nan,1007.0568280220032
753,-0.7057067155838013,-7.8308916091918945,nan,1008.2853789329529
754,-0.6953056454658508,-7.972787857055664,nan,1009.3886480331421
755,-0.6935593485832214,-7.969752311706543,nan,1010.525377035141
756,-0.7025511264801025,-8.118338584899902,nan,1011.7167789936066
757,-0.6615453362464905,-8.494804382324219,nan,1012.7310388088226
758,-0.6930212378501892,-8.001177787780762,nan,1013.8460788726807
759,-0.7118803858757019,-7.792876243591309,nan,1015.0587019920349
760,-0.6870750784873962,-8.29054069519043,nan,1016.170618057251
761,-0.6794970631599426,-7.994217872619629,nan,1017.3136830329895
762,-0.6939759850502014,-7.977944374084473,nan,1018.4286770820618
763,-0.6606649160385132,-8.010148048400879,nan,1019.4724159240723
764,-0.68603515625,-7.679544925689697,nan,1020.7218120098114
765,-0.7095024585723877,-8.21920108795166,nan,1021.9232711791992
766,-0.7027279734611511,-8.18608570098877,nan,1023.0663101673126
767,-0.6914770007133484,-7.885951995849609,nan,1024.2695310115814
768,-0.6805108785629272,-8.135697364807129,nan,1025.4833769798279
769,-0.693571150302887,-8.126873970031738,nan,1026.6238808631897
770,-0.6455841064453125,-7.930087089538574,nan,1027.6379911899567
771,-0.6716138124465942,-7.863661766052246,nan,1028.797250032425
772,-0.6892423629760742,-8.101142883300781,nan,1030.0082569122314
773,-0.660706639289856,-8.258650779724121,nan,1031.0547020435333
774,-0.6925696134567261,-8.194229125976562,nan,1032.1789560317993
775,-0.6927883625030518,-8.170543670654297,nan,1033.375006198883
776,-0.651431143283844,-7.9648332595825195,nan,1034.4021270275116
777,-0.699214518070221,-8.294962882995605,nan,1035.5391960144043
778,-0.686893105506897,-7.942693710327148,nan,1036.6708390712738
779,-0.6884711980819702,-8.142549514770508,nan,1037.8034539222717
780,-0.713091254234314,-8.026244163513184,nan,1039.1131210327148
781,-0.6638051271438599,-8.193163871765137,nan,1040.1252148151398
782,-0.727182149887085,-8.297364234924316,nan,1041.4117548465729
783,-0.7038048505783081,-8.478333473205566,nan,1042.5887689590454
784,-0.6953304409980774,-7.882001876831055,nan,1043.7075259685516
785,-0.6923238039016724,-8.204638481140137,nan,1044.878926038742
786,-0.6564095616340637,-8.075640678405762,nan,1045.949373960495
787,-0.6557598114013672,-8.247461318969727,nan,1046.973207950592
788,-0.6953898668289185,-8.1905517578125,nan,1048.1523299217224
789,-0.6867068409919739,-8.39403247833252,nan,1049.308933019638
790,-0.6946622133255005,-8.005925178527832,nan,1050.4555580615997
791,-0.6988335847854614,-8.084505081176758,nan,1051.6153619289398
792,-0.7029781341552734,-8.218610763549805,nan,1052.7610290050507
793,-0.6753620505332947,-7.929963111877441,nan,1053.8972358703613
794,-0.6573616862297058,-7.913878917694092,nan,1055.0380980968475
795,-0.6813488006591797,-8.011881828308105,nan,1056.1474149227142
796,-0.6821818947792053,-8.262438774108887,nan,1057.8288009166718
797,-0.647884726524353,-8.159685134887695,nan,1059.0047001838684
798,-0.6662492752075195,-8.240164756774902,nan,1060.1887259483337
799,-0.650077760219574,-7.825268745422363,nan,1061.4240548610687
800,-0.6796062588691711,-7.864039897918701,-8.77343463897705,1069.1686680316925
801,-0.7020420432090759,-8.366890907287598,nan,1070.3204038143158
802,-0.6583998799324036,-8.153923034667969,nan,1071.3945031166077
803,-0.6982080340385437,-7.938881874084473,nan,1072.5919070243835
804,-0.710564136505127,-8.353433609008789,nan,1073.8578221797943
805,-0.6520664095878601,-7.969928741455078,nan,1074.9235298633575
806,-0.6998091340065002,-8.232697486877441,nan,1076.119621038437
807,-0.7027342319488525,-7.902431964874268,nan,1077.2872350215912
808,-0.6770864129066467,-8.343239784240723,nan,1078.3292138576508
809,-0.7261723875999451,-8.287599563598633,nan,1079.5899939537048
810,-0.700088620185852,-8.307273864746094,nan,1080.7673478126526
811,-0.6695883870124817,-7.958776473999023,nan,1082.005639076233
812,-0.6925870180130005,-7.927555084228516,nan,1083.1186962127686
813,-0.6540115475654602,-8.047532081604004,nan,1084.1788918972015
814,-0.7150300741195679,-7.85231351852417,nan,1085.6166450977325
815,-0.6964234709739685,-8.029083251953125,nan,1086.8662400245667
816,-0.699863076210022,-8.118498802185059,nan,1088.0551409721375
817,-0.6700066328048706,-8.214146614074707,nan,1089.234992980957
818,-0.7040013074874878,-8.1458158493042,nan,1090.477756023407
819,-0.6609401106834412,-8.138484954833984,nan,1091.5525929927826
820,-0.701881468296051,-8.358296394348145,nan,1092.7283828258514
821,-0.6976341605186462,-7.984323978424072,nan,1093.9658679962158
822,-0.667180597782135,-8.266763687133789,nan,1095.071338891983
823,-0.7245572805404663,-8.372591018676758,nan,1096.3443508148193
824,-0.6934341192245483,-7.843349456787109,nan,1097.5614449977875
825,-0.7179425954818726,-8.120561599731445,nan,1098.9277040958405
826,-0.6904220581054688,-8.134654998779297,nan,1100.1563289165497
827,-0.6924759745597839,-8.291452407836914,nan,1101.505150794983
828,-0.7367075085639954,-8.097113609313965,nan,1102.870187997818
829,-0.694503664970398,-8.330992698669434,nan,1104.0390372276306
830,-0.7165406346321106,-7.928532600402832,nan,1105.294039964676
831,-0.6578492522239685,-8.304520606994629,nan,1106.303948879242
832,-0.6693214178085327,-8.014839172363281,nan,1107.3467900753021
833,-0.7089874744415283,-8.490538597106934,nan,1108.5556299686432
834,-0.6904698610305786,-8.093217849731445,nan,1109.7730569839478
835,-0.7197665572166443,-8.419280052185059,nan,1111.168189048767
836,-0.6930207014083862,-8.255121231079102,nan,1112.3617720603943
837,-0.6870679259300232,-8.115690231323242,nan,1113.4718549251556
838,-0.687384843826294,-7.951505184173584,nan,1114.870775938034
839,-0.6469537019729614,-8.01124382019043,nan,1115.942873954773
840,-0.6664169430732727,-8.226917266845703,nan,1117.0304009914398
841,-0.6989458799362183,-8.088309288024902,nan,1118.3123049736023
842,-0.6955098509788513,-8.397021293640137,nan,1119.431710243225
843,-0.6660116910934448,-8.148505210876465,nan,1120.4747281074524
844,-0.6902818083763123,-8.249680519104004,nan,1121.6247091293335
845,-0.6558610200881958,-8.437856674194336,nan,1122.674557209015
846,-0.7234694957733154,-8.148918151855469,nan,1123.9489409923553
847,-0.6880105137825012,-8.045963287353516,nan,1125.2268741130829
848,-0.6660434007644653,-8.152338981628418,nan,1126.4766340255737
849,-0.6981620192527771,-7.9270172119140625,nan,1127.77148103714
850,-0.6934806704521179,-8.184382438659668,-8.662319755554199,1135.4863710403442
851,-0.6969040632247925,-7.9263153076171875,nan,1136.679398059845
852,-0.6680995225906372,-8.024374961853027,nan,1137.873309135437
853,-0.6909033060073853,-7.975449562072754,nan,1139.2599821090698
854,-0.7009018063545227,-8.378060340881348,nan,1140.5000529289246
855,-0.6904340386390686,-7.9938507080078125,nan,1141.819893836975
856,-0.6937454342842102,-8.001025199890137,nan,1143.0831921100616
857,-0.643937885761261,-7.73310661315918,nan,1144.257971048355
858,-0.6786454916000366,-7.848552227020264,nan,1145.4903700351715
859,-0.6993888020515442,-7.821927070617676,nan,1146.6927049160004
860,-0.724039614200592,-8.315385818481445,nan,1148.0506300926208
861,-0.6929876804351807,-8.112893104553223,nan,1149.2478849887848
862,-0.708977460861206,-7.991717338562012,nan,1150.4649240970612
863,-0.650093138217926,-7.77407169342041,nan,1151.5808379650116
864,-0.6524697542190552,-7.780120849609375,nan,1152.6598808765411
865,-0.6811622381210327,-7.856899738311768,nan,1153.8812839984894
866,-0.6661050915718079,-8.255777359008789,nan,1154.9788830280304
867,-0.712492048740387,-8.030792236328125,nan,1156.3347189426422
868,-0.709119439125061,-8.345125198364258,nan,1157.5881729125977
869,-0.7131710052490234,-8.553210258483887,nan,1158.934189081192
870,-0.6926414370536804,-8.293204307556152,nan,1160.2763240337372
871,-0.6884258389472961,-8.289185523986816,nan,1161.6863977909088
872,-0.708255410194397,-7.801041126251221,nan,1162.857801914215
873,-0.6540641784667969,-8.210061073303223,nan,1163.9102709293365
874,-0.6865644454956055,-7.764852046966553,nan,1165.1517758369446
875,-0.6856685876846313,-8.006308555603027,nan,1166.3774650096893
876,-0.6985889673233032,-8.00543212890625,nan,1167.5513651371002
877,-0.695233941078186,-7.718399524688721,nan,1168.7496690750122
878,-0.6629540324211121,-7.940350532531738,nan,1169.7974650859833
879,-0.6598629951477051,-8.082437515258789,nan,1170.956932067871
880,-0.6600388288497925,-8.129652976989746,nan,1172.1885960102081
881,-0.6892790198326111,-8.059532165527344,nan,1173.377217054367
882,-0.7039795517921448,-8.461320877075195,nan,1174.6211519241333
883,-0.6977774500846863,-8.181258201599121,nan,1175.9094791412354
884,-0.6836010813713074,-7.801135540008545,nan,1177.1669611930847
885,-0.6626767516136169,-8.020467758178711,nan,1178.436117887497
886,-0.7013680338859558,-8.148975372314453,nan,1179.7007160186768
887,-0.6657337546348572,-8.277579307556152,nan,1180.991698026657
888,-0.6531488299369812,-7.919562339782715,nan,1182.0521841049194
889,-0.7288312911987305,-8.380254745483398,nan,1183.3822848796844
890,-0.6704168319702148,-7.977035045623779,nan,1184.486356973648
891,-0.6870039701461792,-8.044918060302734,nan,1185.9255599975586
892,-0.6922680139541626,-7.945810794830322,nan,1187.3017210960388
893,-0.6987668871879578,-8.091615676879883,nan,1188.5164060592651
894,-0.6890755891799927,-8.05474853515625,nan,1189.7567729949951
895,-0.6821600794792175,-7.954778671264648,nan,1191.0105981826782
896,-0.6698349118232727,-8.120550155639648,nan,1192.1115171909332
897,-0.6835594177246094,-7.827110767364502,nan,1193.3544471263885
898,-0.6930043697357178,-7.924349784851074,nan,1194.5552430152893
899,-0.7057411074638367,-8.301412582397461,nan,1195.7786071300507
900,-0.6616266369819641,-8.4435453414917,-8.799660587310791,1203.6703579425812
901,-0.6547040939331055,-7.857086181640625,nan,1204.8036289215088
902,-0.6642416715621948,-7.981797695159912,nan,1206.0829951763153
903,-0.6980943083763123,-8.084491729736328,nan,1207.3317108154297
904,-0.6921181082725525,-8.19620418548584,nan,1208.7907419204712
905,-0.7177517414093018,-8.372464179992676,nan,1210.034418106079
906,-0.6399831771850586,-7.700742721557617,nan,1211.1878912448883
907,-0.694949746131897,-8.017081260681152,nan,1212.3732709884644
908,-0.6833392381668091,-7.646368026733398,nan,1213.5905830860138
909,-0.6927528977394104,-8.243438720703125,nan,1214.8720281124115
910,-0.6999409794807434,-7.868521690368652,nan,1216.1676619052887
911,-0.6941072940826416,-7.669456481933594,nan,1217.4730741977692
912,-0.6505668759346008,-7.924381732940674,nan,1218.7804200649261
913,-0.670169472694397,-8.040848731994629,nan,1220.010036945343
914,-0.7191594243049622,-8.11837100982666,nan,1221.3571619987488
915,-0.6938132643699646,-7.991802215576172,nan,1222.618262052536
916,-0.6630566716194153,-8.571980476379395,nan,1223.8056511878967
917,-0.6823622584342957,-8.363868713378906,nan,1224.8968329429626
918,-0.7057220935821533,-7.82860803604126,nan,1226.0555250644684
919,-0.6690171957015991,-8.337127685546875,nan,1227.1936838626862
920,-0.6681028008460999,-8.228677749633789,nan,1228.2079510688782
921,-0.7197173833847046,-7.781755447387695,nan,1229.5381739139557
922,-0.6873882412910461,-8.175764083862305,nan,1230.6814470291138
923,-0.6855384707450867,-8.133672714233398,nan,1231.8203110694885
924,-0.677268385887146,-8.454548835754395,nan,1232.935429096222
925,-0.6584556698799133,-8.001601219177246,nan,1234.0319330692291
926,-0.6942793726921082,-7.959547996520996,nan,1235.4198110103607
927,-0.6975027322769165,-8.051347732543945,nan,1236.7082769870758
928,-0.6462855935096741,-7.756912708282471,nan,1237.8605239391327
929,-0.6960085034370422,-8.320212364196777,nan,1239.200518131256
930,-0.7074254155158997,-8.228433609008789,nan,1240.4360392093658
931,-0.6583697199821472,-8.274115562438965,nan,1241.5406959056854
932,-0.6499447226524353,-8.022324562072754,nan,1242.573823928833
933,-0.6594308614730835,-7.931246757507324,nan,1243.6104581356049
934,-0.6843751072883606,-7.874151706695557,nan,1244.745274066925
935,-0.6763989925384521,-7.708629608154297,nan,1245.8802978992462
936,-0.6642842292785645,-8.663235664367676,nan,1246.9431321620941
937,-0.6708465814590454,-8.28756046295166,nan,1248.019758939743
938,-0.6963227391242981,-8.179368019104004,nan,1249.3339610099792
939,-0.6956372857093811,-8.260689735412598,nan,1250.622859954834
940,-0.6516764760017395,-7.989945411682129,nan,1251.6940751075745
941,-0.7200828790664673,-8.355480194091797,nan,1253.0735030174255
942,-0.6864320039749146,-7.895135402679443,nan,1254.2546989917755
943,-0.7033829092979431,-8.197586059570312,nan,1255.542639017105
944,-0.6891576051712036,-8.115522384643555,nan,1256.8338310718536
945,-0.6960428357124329,-7.71072244644165,nan,1258.0638229846954
946,-0.6890581846237183,-8.329671859741211,nan,1259.2688648700714
947,-0.6964320540428162,-8.433528900146484,nan,1260.4173090457916
948,-0.7033414244651794,-8.274643898010254,nan,1261.9282841682434
949,-0.6945701837539673,-8.146129608154297,nan,1263.2559509277344
950,-0.6976715326309204,-7.974828720092773,-8.73342580795288,1271.422800064087
951,-0.6623636484146118,-8.338869094848633,nan,1272.5646669864655
952,-0.7199053764343262,-7.874788284301758,nan,1273.9675209522247
953,-0.698910653591156,-7.776283264160156,nan,1275.1985211372375
954,-0.6542048454284668,-7.722594738006592,nan,1276.3629591464996
955,-0.6811757683753967,-8.039496421813965,nan,1277.6243350505829
956,-0.65936279296875,-8.196934700012207,nan,1278.8266921043396
957,-0.6935126781463623,-7.930583477020264,nan,1280.033586025238
958,-0.6864743828773499,-7.892843246459961,nan,1281.3629291057587
959,-0.6983875036239624,-8.147704124450684,nan,1282.6714301109314
960,-0.652655303478241,-8.087043762207031,nan,1283.8851289749146
961,-0.6751850843429565,-7.726844787597656,nan,1285.1133859157562
962,-0.6965883374214172,-8.03384017944336,nan,1286.2653501033783
963,-0.6892878413200378,-8.017488479614258,nan,1287.4427208900452
964,-0.7172183990478516,-7.9955058097839355,nan,1288.6628410816193
965,-0.6548430323600769,-8.050259590148926,nan,1289.7004430294037
966,-0.6778584718704224,-8.4191312789917,nan,1290.7971529960632
967,-0.6651622653007507,-7.959526538848877,nan,1291.851595878601
968,-0.7309804558753967,-8.60525131225586,nan,1293.1272361278534
969,-0.6648459434509277,-8.243240356445312,nan,1294.2686409950256
970,-0.643645167350769,-7.9462738037109375,nan,1295.4888141155243
971,-0.6930813193321228,-8.184090614318848,nan,1296.7195959091187
972,-0.7258349061012268,-8.201608657836914,nan,1298.013000011444
973,-0.6570612788200378,-7.9480462074279785,nan,1299.0781071186066
974,-0.7038968801498413,-7.953845977783203,nan,1300.3086829185486
975,-0.6496515274047852,-8.12750244140625,nan,1301.3802740573883
976,-0.7124344706535339,-7.806087493896484,nan,1302.667359828949
977,-0.6553153395652771,-7.961527347564697,nan,1303.8062901496887
978,-0.6974445581436157,-8.385469436645508,nan,1305.0253522396088
979,-0.6926891207695007,-8.448748588562012,nan,1306.3193600177765
980,-0.6933356523513794,-8.007067680358887,nan,1307.6346690654755
981,-0.6535825729370117,-7.832555770874023,nan,1308.845447063446
982,-0.7170796394348145,-8.222501754760742,nan,1310.1178300380707
983,-0.653588593006134,-7.917060852050781,nan,1311.2280480861664
984,-0.6929439306259155,-8.030412673950195,nan,1312.4682929515839
985,-0.6533457636833191,-8.035880088806152,nan,1313.6502561569214
986,-0.6793309450149536,-7.938385963439941,nan,1314.8750050067902
987,-0.6701726913452148,-8.746843338012695,nan,1315.9544820785522
988,-0.7425768971443176,-8.255342483520508,nan,1317.3513510227203
989,-0.6820134520530701,-7.755911350250244,nan,1318.6265439987183
990,-0.6861953139305115,-7.923410415649414,nan,1319.878035068512
991,-0.6846886873245239,-7.685796737670898,nan,1321.083163022995
992,-0.6957023739814758,-7.874481201171875,nan,1322.379996061325
993,-0.711897075176239,-7.642180919647217,nan,1323.6805019378662
994,-0.6615623235702515,-8.335611343383789,nan,1324.9050741195679
995,-0.696679949760437,-7.9477338790893555,nan,1326.0951490402222
996,-0.6678912043571472,-8.278655052185059,nan,1327.174926996231
997,-0.6884890198707581,-8.015970230102539,nan,1328.5231430530548
998,-0.6764866709709167,-8.193155288696289,nan,1329.7358808517456
999,-0.703493058681488,-8.051502227783203,nan,1331.072830915451
1000,-0.7232016324996948,-8.151062965393066,-8.701691341400146,1339.083755016327
