Epoch,Loss,Cost,Advantage,Time
0,13.876494407653809,-9.354199409484863,-0.40456193685531616,5.7006142139434814
1,64.24781799316406,-7.842212200164795,-2.009838104248047,10.613788843154907
2,83.71669006347656,-6.919619560241699,-3.00699520111084,15.580223321914673
3,91.60370635986328,-6.316587448120117,-3.6138744354248047,20.43168067932129
4,90.36526489257812,-6.045804023742676,-3.9176716804504395,25.33321523666382
5,85.16291046142578,-5.853900909423828,-3.9511280059814453,30.858076810836792
6,81.51895904541016,-5.587256908416748,-4.041573524475098,35.8553569316864
7,83.33403015136719,-5.4031081199646,-4.475595474243164,40.85868549346924
8,80.55255126953125,-5.405514717102051,-4.488492488861084,45.871824502944946
9,76.58173370361328,-5.315387725830078,-4.386660099029541,51.01072812080383
10,73.6527099609375,-5.238827228546143,-4.453930377960205,55.95545506477356
11,70.18090057373047,-5.188723564147949,-4.337779998779297,60.80578637123108
12,70.03742980957031,-5.280502796173096,-4.30157470703125,66.03107237815857
13,67.08963012695312,-5.216217517852783,-4.216389179229736,71.00784683227539
14,64.96659088134766,-5.252110004425049,-4.136570453643799,76.05660200119019
15,63.91036605834961,-5.231212139129639,-4.142665863037109,81.07662773132324
16,60.597225189208984,-5.263050556182861,-3.980724334716797,86.38544940948486
17,62.038692474365234,-5.244619846343994,-4.026047229766846,91.29809069633484
18,59.378379821777344,-5.264929294586182,-3.8590848445892334,96.19467806816101
19,56.86623001098633,-5.2869873046875,-3.7116122245788574,101.39317870140076
20,55.52052307128906,-5.298738479614258,-3.746565818786621,106.35752081871033
21,52.43449401855469,-5.304491996765137,-3.4235849380493164,111.54574370384216
22,52.76331329345703,-5.322675704956055,-3.467073440551758,116.65572786331177
23,50.991844177246094,-5.3256330490112305,-3.370157480239868,121.7839298248291
24,51.321319580078125,-5.383662223815918,-3.3776025772094727,126.82890844345093
25,40.528934478759766,-5.344618320465088,-2.7107911109924316,131.87580704689026
26,40.88227081298828,-5.394310474395752,-2.6708431243896484,137.31641006469727
27,35.76111602783203,-5.3921003341674805,-2.3508431911468506,142.567636013031
28,32.17650604248047,-5.364421844482422,-2.166677951812744,147.83722019195557
29,28.199207305908203,-5.356869220733643,-1.9048442840576172,152.99186539649963
30,28.92754364013672,-5.346987724304199,-1.9421358108520508,158.16665267944336
31,23.234037399291992,-5.267864227294922,-1.5808320045471191,163.53324484825134
32,19.880477905273438,-5.289062976837158,-1.383509874343872,168.70199584960938
33,21.969697952270508,-5.308013916015625,-1.4904855489730835,174.02296328544617
34,16.85247802734375,-5.217863082885742,-1.1557000875473022,179.14397287368774
35,17.035066604614258,-5.240794658660889,-1.1771682500839233,184.69453620910645
36,15.157573699951172,-5.236783504486084,-1.0722041130065918,190.18731498718262
37,9.148029327392578,-5.28536319732666,-0.6798835396766663,195.3431658744812
38,11.09128475189209,-5.217807292938232,-0.7936207056045532,200.78426694869995
39,7.405622959136963,-5.19086217880249,-0.531838059425354,205.98398780822754
40,7.747143745422363,-5.215978622436523,-0.5498332381248474,211.24957728385925
41,5.310168743133545,-5.260044097900391,-0.4120616316795349,216.34996104240417
42,4.951926231384277,-5.264695644378662,-0.35440707206726074,221.38435983657837
43,4.256214141845703,-5.161788463592529,-0.3327578008174896,226.65689396858215
44,4.367158889770508,-5.153094291687012,-0.3243272602558136,231.80356240272522
45,2.7095375061035156,-5.179778575897217,-0.2218974381685257,237.17986369132996
46,2.3377881050109863,-5.12450647354126,-0.20228317379951477,242.1596553325653
47,1.1849817037582397,-5.165831565856934,-0.13682028651237488,247.4110119342804
48,0.8915903568267822,-5.165233612060547,-0.09947024285793304,252.5950779914856
49,0.9340342283248901,-5.12315559387207,-0.12202205508947372,257.68329787254333
50,0.5561017990112305,-5.129514217376709,-0.09105200320482254,262.8976581096649
51,0.6720258593559265,-5.107503414154053,-0.07585704326629639,267.99247908592224
52,0.38840776681900024,-5.1357502937316895,-0.07282669842243195,273.3299722671509
53,1.1770609617233276,-5.067116737365723,-0.11878029257059097,278.46925926208496
54,1.7679216861724854,-5.087464332580566,-0.15527701377868652,283.5935022830963
55,-0.09003118425607681,-5.069756031036377,-0.030634963884949684,289.14935398101807
56,-0.5668637752532959,-5.151550769805908,0.002951536327600479,294.29155111312866
57,0.8262603282928467,-5.053857803344727,-0.09679126739501953,299.87664008140564
58,0.06259357184171677,-5.0580363273620605,-0.041731029748916626,304.88874983787537
59,0.6898048520088196,-5.018216133117676,-0.11425767838954926,310.22046422958374
60,-0.09661111235618591,-5.011675834655762,-0.03520718216896057,315.3917088508606
61,0.32794827222824097,-5.054963111877441,-0.051325853914022446,320.6313316822052
62,-0.5919214487075806,-5.052118301391602,-0.026804331690073013,326.02493691444397
63,1.1317778825759888,-4.958040237426758,-0.12750248610973358,331.08546686172485
64,1.0482730865478516,-4.985388278961182,-0.10339254885911942,336.2892835140228
65,0.04918588697910309,-4.9630513191223145,-0.06037910655140877,341.4584312438965
66,-0.5426766276359558,-4.986470699310303,-0.017699573189020157,346.5421664714813
67,-0.05865196883678436,-5.013034343719482,-0.035736288875341415,351.82197999954224
68,-0.951655387878418,-5.029779434204102,0.015222929418087006,356.9577283859253
69,-1.3333936929702759,-5.0468597412109375,0.0468512699007988,362.2021689414978
70,0.19126811623573303,-4.9561309814453125,-0.06524010747671127,367.34327149391174
71,0.30401307344436646,-4.987652778625488,-0.07905644178390503,372.56167364120483
72,-0.29417654871940613,-4.955092906951904,-0.024348000064492226,377.7792820930481
73,-1.388220191001892,-4.97459077835083,0.03718129172921181,382.88694858551025
74,-0.475942462682724,-4.947178363800049,-0.003764254041016102,388.14396142959595
75,0.2378210574388504,-4.962246417999268,-0.06668888032436371,393.200430393219
76,0.039021529257297516,-4.981249809265137,-0.04841317608952522,398.37810015678406
77,-0.5539024472236633,-4.934470176696777,-0.011286123655736446,403.68901085853577
78,-0.20728681981563568,-4.964812278747559,-0.027788173407316208,408.8905210494995
79,-0.654125988483429,-4.91763162612915,-0.0030098697170615196,414.18268275260925
80,-0.5689448118209839,-4.927414894104004,-0.01326867938041687,419.24423480033875
81,-0.9107053279876709,-4.989391326904297,0.0027331560850143433,424.62474179267883
82,0.02917049638926983,-4.875414848327637,-0.053134746849536896,429.65060925483704
83,-0.32813528180122375,-4.9858198165893555,-0.034294623881578445,435.02745175361633
84,0.2877715528011322,-4.870325565338135,-0.07441719621419907,440.0901417732239
85,0.5475696325302124,-4.883395671844482,-0.084016352891922,445.2386746406555
86,0.38338422775268555,-4.9049763679504395,-0.06802442669868469,450.61993527412415
87,-1.0713603496551514,-4.966372966766357,0.022704264149069786,455.82696437835693
88,-1.0258320569992065,-4.955382347106934,0.0009190477430820465,461.15563797950745
89,-0.7559108138084412,-4.926632404327393,0.003597453236579895,466.32822585105896
90,-0.40590932965278625,-4.870988368988037,-0.0063984813168644905,471.38839626312256
91,-1.2491340637207031,-4.873643398284912,0.04038185253739357,476.67094254493713
92,-0.254524827003479,-4.9185404777526855,-0.01936187967658043,481.657381772995
93,-0.07680294662714005,-4.869183540344238,-0.04132751002907753,487.0246865749359
94,-0.8259325623512268,-4.89608097076416,0.00454078521579504,492.01622247695923
95,-0.045545727014541626,-4.904754161834717,-0.04996912181377411,497.21702241897583
96,-0.3607366979122162,-4.8607659339904785,-0.020060911774635315,502.29591250419617
97,-0.33307260274887085,-4.87361478805542,-0.02036939561367035,507.44655537605286
98,-0.7515523433685303,-4.898218154907227,0.005683351308107376,512.881992816925
99,-0.4485326409339905,-4.839189052581787,-0.02923380583524704,518.0399856567383
100,-0.4758642017841339,-4.892115116119385,-0.02647153101861477,523.2594089508057
101,0.049809783697128296,-4.819647789001465,-0.04854961484670639,528.24263048172
102,-0.80265212059021,-4.866816520690918,0.00904010608792305,533.6823689937592
103,-1.4982926845550537,-4.868757247924805,0.04393521323800087,538.8888318538666
104,-1.1374002695083618,-4.893494606018066,0.04430198669433594,544.0518169403076
105,-0.46605977416038513,-4.850522041320801,-0.016722990199923515,549.5063140392303
106,-0.023732051253318787,-4.779523849487305,-0.040866419672966,554.6818432807922
107,-0.6070194244384766,-4.83789587020874,-0.0017412016168236732,560.0008697509766
108,-1.0516763925552368,-4.812365531921387,0.027783067896962166,565.0670399665833
109,-0.48528382182121277,-4.823775768280029,-0.006883028894662857,570.1213238239288
110,0.1482486128807068,-4.777936935424805,-0.053549014031887054,575.3804850578308
111,0.22595153748989105,-4.779628753662109,-0.042214613407850266,580.2765834331512
112,-0.37710633873939514,-4.814996242523193,-0.028439480811357498,585.6034626960754
113,-1.0226610898971558,-4.864981174468994,0.031223535537719727,590.8339729309082
114,-0.6302545070648193,-4.774136066436768,0.001166285015642643,595.8788509368896
115,-0.9405475854873657,-4.816422462463379,0.012390302494168282,600.984147310257
116,-0.9752840995788574,-4.830573558807373,0.027551990002393723,606.121288061142
117,-0.08036449551582336,-4.762092590332031,-0.03389005362987518,611.4523215293884
118,0.053403958678245544,-4.773359775543213,-0.045862872153520584,618.4156699180603
119,-0.2342933714389801,-4.795039176940918,-0.023606538772583008,625.4996531009674
120,-0.7090510725975037,-4.825472831726074,0.00445785466581583,631.9115815162659
121,-0.4919182062149048,-4.81515645980835,-0.00635652057826519,638.6250138282776
122,-0.5973209142684937,-4.774004936218262,-0.016438357532024384,646.0185256004333
123,-0.5812597274780273,-4.8145599365234375,0.004919488914310932,652.554247379303
124,-0.10160157084465027,-4.790389537811279,-0.04166772961616516,659.3619427680969
125,0.019923865795135498,-4.779097080230713,-0.03645772486925125,665.4764738082886
126,-0.05402964726090431,-4.798172473907471,-0.033045295625925064,671.9259495735168
127,-0.21936103701591492,-4.788694381713867,-0.03172564506530762,678.3352937698364
128,-0.32067564129829407,-4.789739608764648,-0.025082865729928017,684.5602188110352
129,0.36455097794532776,-4.722701549530029,-0.06992436945438385,691.1397120952606
130,-0.17533835768699646,-4.802067279815674,-0.027942633256316185,697.3753476142883
131,-0.5377363562583923,-4.84124231338501,-0.0029700081795454025,703.8833119869232
132,-0.2267475575208664,-4.874258041381836,-0.033926717936992645,710.0774791240692
133,0.15623614192008972,-4.789064884185791,-0.06733440607786179,716.0826773643494
134,-0.06596975028514862,-4.7805585861206055,-0.04062601923942566,722.5726079940796
135,-0.8660269379615784,-4.771992206573486,0.004061098210513592,728.8335192203522
136,-0.733690619468689,-4.7887115478515625,0.009909091517329216,735.6470201015472
137,0.12113247811794281,-4.750235080718994,-0.04257712513208389,741.9069457054138
138,-0.5847736597061157,-4.814228534698486,-0.010258352383971214,748.4038550853729
139,0.10336694121360779,-4.785495281219482,-0.05014834553003311,754.8320212364197
140,0.01748841255903244,-4.75103759765625,-0.03888609632849693,761.2389280796051
141,-0.39014577865600586,-4.81005859375,-0.025709526613354683,767.9770829677582
142,-0.48204249143600464,-4.802321434020996,-0.01776823401451111,774.3344166278839
143,-0.33681273460388184,-4.811244964599609,-0.01036015059798956,780.7117092609406
144,-0.11257407069206238,-4.758134365081787,-0.041454873979091644,786.8316707611084
145,-0.0024630725383758545,-4.733434200286865,-0.03129919618368149,793.2441220283508
146,-0.06759405136108398,-4.759122848510742,-0.04573396220803261,799.5560433864594
147,-0.14098402857780457,-4.770703315734863,-0.03035598248243332,805.8681955337524
148,-0.7137051224708557,-4.790187835693359,-0.005933117121458054,812.5190842151642
149,-0.13745012879371643,-4.760679721832275,-0.05060110241174698,818.7598974704742
150,-0.4609183967113495,-4.757266044616699,-0.02420591562986374,824.9717507362366
151,-0.682010293006897,-4.800703048706055,0.009989654645323753,831.0310196876526
152,-1.1727055311203003,-4.8179931640625,0.018190041184425354,837.2554268836975
153,-0.1824093461036682,-4.735317230224609,-0.04782436788082123,843.834395647049
154,-0.3999617099761963,-4.743075370788574,-0.013929956592619419,850.5162630081177
155,-0.3561243414878845,-4.751836776733398,-0.005468766205012798,857.5791900157928
156,-0.8421904444694519,-4.77033805847168,0.0180073082447052,864.5711100101471
157,-1.312348484992981,-4.752964973449707,0.041377995163202286,871.2475640773773
158,-0.4982718825340271,-4.753421306610107,-0.02913043275475502,877.2940089702606
159,-0.11497444659471512,-4.704627990722656,-0.037243425846099854,883.3829658031464
160,-0.9089446663856506,-4.7579240798950195,0.007950527593493462,889.7898738384247
161,-0.3148091733455658,-4.640617847442627,-0.033113330602645874,896.2163877487183
162,-0.7069221138954163,-4.725566864013672,0.0032261917367577553,902.6664535999298
163,-0.32741662859916687,-4.71607780456543,-0.02388007380068302,908.7483518123627
164,-0.5571417212486267,-4.771313190460205,-0.009211720898747444,914.9888544082642
165,-0.9647238254547119,-4.7578277587890625,0.013539362698793411,922.1932508945465
166,-0.509766161441803,-4.717243671417236,-0.012598755769431591,928.9697017669678
167,-0.7731781005859375,-4.756989479064941,0.009899748489260674,935.5909769535065
168,-0.4545348286628723,-4.679450035095215,-0.0117714311927557,941.659117937088
169,-0.8752326369285583,-4.780110836029053,0.02383572794497013,948.2487800121307
170,-0.17584681510925293,-4.707151889801025,-0.04168306291103363,955.1891090869904
171,-0.14429239928722382,-4.756282806396484,-0.029258761554956436,961.734112739563
172,0.16242605447769165,-4.746340751647949,-0.07518599927425385,968.5365812778473
173,-0.42354607582092285,-4.761138439178467,-0.008661363273859024,974.8012166023254
174,-0.29018279910087585,-4.740785598754883,-0.025721944868564606,981.1056797504425
175,0.1435621678829193,-4.719890594482422,-0.06498904526233673,987.146582365036
176,-0.2519644796848297,-4.710739612579346,-0.028784116730093956,993.1919522285461
177,-0.04393836855888367,-4.676297664642334,-0.059727806597948074,1000.6049723625183
178,-0.3709486722946167,-4.694780349731445,-0.01331252884119749,1006.9688670635223
179,0.642596960067749,-4.681618690490723,-0.09052778780460358,1013.3043649196625
180,0.19154520332813263,-4.7091965675354,-0.059297576546669006,1019.4842805862427
181,-0.5990616083145142,-4.7444891929626465,-0.0001475811004638672,1025.8585727214813
182,0.07010868191719055,-4.681922912597656,-0.04952366277575493,1032.1891686916351
183,-0.6028990745544434,-4.728916168212891,0.007224829867482185,1038.351601600647
184,-0.12269039452075958,-4.720294952392578,-0.018020205199718475,1044.7861905097961
185,-0.07983247935771942,-4.713704586029053,-0.03682980313897133,1051.9024176597595
186,0.2034652829170227,-4.720450401306152,-0.053651005029678345,1059.0047581195831
187,-0.34467723965644836,-4.741662502288818,-0.03208419308066368,1065.3958053588867
188,0.03182491660118103,-4.664039134979248,-0.05806528404355049,1072.4276976585388
189,0.46425846219062805,-4.652609825134277,-0.0756605714559555,1079.0937252044678
190,0.6741793751716614,-4.675088405609131,-0.11340649425983429,1085.0575065612793
191,-0.44667255878448486,-4.733823776245117,-0.019726000726222992,1091.6744964122772
192,-0.380350798368454,-4.654540538787842,-0.03511615842580795,1098.128886938095
193,-0.4833677411079407,-4.740444183349609,-0.0009941253811120987,1104.7244791984558
194,-0.1744922399520874,-4.707221984863281,-0.02638101950287819,1111.685640335083
195,-0.3150477707386017,-4.675014495849609,-0.029361635446548462,1118.8395137786865
196,-0.44184020161628723,-4.699997425079346,5.94165176153183e-05,1126.098738193512
197,-0.6269421577453613,-4.694832801818848,0.003602873533964157,1133.1223187446594
198,-0.38012880086898804,-4.701478958129883,-0.027705684304237366,1139.9283487796783
199,-0.4205705523490906,-4.654007434844971,-0.02036629058420658,1146.344788312912
200,-0.6639748215675354,-4.640186786651611,0.011380242183804512,1152.7217378616333
201,-0.4056328535079956,-4.680532455444336,-0.021179374307394028,1158.8268401622772
202,-1.267558217048645,-4.746854782104492,0.05290646851062775,1164.9353725910187
203,-0.7505091428756714,-4.677738189697266,0.021250609308481216,1171.6225969791412
204,-0.49129313230514526,-4.717468738555908,-0.006655825302004814,1178.0291659832
205,-0.6289179921150208,-4.690400123596191,-0.005727303214371204,1184.568208694458
206,0.39945870637893677,-4.593620300292969,-0.08660151064395905,1191.0869076251984
207,0.289372056722641,-4.649552345275879,-0.06361047923564911,1197.2608258724213
208,-0.5843861103057861,-4.719368934631348,-0.006493046879768372,1203.619791507721
209,-0.3608435392379761,-4.717286109924316,-0.02908274717628956,1209.7963030338287
210,-0.20626893639564514,-4.64091682434082,-0.030602648854255676,1216.2098309993744
211,-0.43514981865882874,-4.666797161102295,-0.03359992802143097,1223.0161695480347
212,-0.22620852291584015,-4.63467264175415,-0.03751608729362488,1230.2319157123566
213,-0.2624097168445587,-4.661531448364258,-0.03126632422208786,1237.5000803470612
214,0.1618758738040924,-4.677160263061523,-0.06792742013931274,1244.5818769931793
215,-0.527370274066925,-4.702800273895264,-0.0027291104197502136,1251.594892024994
216,-0.43824923038482666,-4.665780544281006,-0.012114524841308594,1258.4228029251099
217,0.8216344118118286,-4.65776252746582,-0.10853442549705505,1265.3072762489319
218,-0.41469934582710266,-4.721098899841309,-0.021448927000164986,1271.4784977436066
219,-0.9768866300582886,-4.732789039611816,0.026186272501945496,1278.175128698349
220,-0.8734776973724365,-4.660645961761475,-0.0045484742149710655,1285.1112186908722
221,-0.2464190125465393,-4.68283224105835,-0.0278337262570858,1291.29044008255
222,0.04111004248261452,-4.641689777374268,-0.049702238291502,1297.8318257331848
223,-0.5965299606323242,-4.678516864776611,0.00021189730614423752,1304.8256483078003
224,-0.14834734797477722,-4.689653396606445,-0.03116149641573429,1312.410442829132
225,-0.26331987977027893,-4.675909519195557,-0.025280915200710297,1319.1904051303864
226,-0.778127133846283,-4.616178035736084,-0.00519193522632122,1325.521091222763
227,-0.3067764639854431,-4.605192184448242,-0.02508544735610485,1332.1624767780304
228,-0.6228955984115601,-4.638188362121582,0.003477361984550953,1338.496783733368
229,-0.5313637256622314,-4.6489715576171875,-0.012131808325648308,1345.1248037815094
230,-0.6747701168060303,-4.676623344421387,0.007062590681016445,1351.4162406921387
231,-0.9183489084243774,-4.651134014129639,0.020875344052910805,1357.8911092281342
232,-0.9493332505226135,-4.696708679199219,0.03185448795557022,1364.1332519054413
233,0.1843903362751007,-4.70654821395874,-0.0654202550649643,1370.1785249710083
234,-0.02437712252140045,-4.620246887207031,-0.06559450924396515,1376.655112028122
235,-0.49902039766311646,-4.666138172149658,-0.001337338238954544,1382.8454341888428
236,0.18623605370521545,-4.602430820465088,-0.07040611654520035,1389.2580885887146
237,-0.4261384606361389,-4.647403240203857,-0.020025325939059258,1395.339120388031
238,-0.7341253757476807,-4.644794940948486,-0.005564363673329353,1401.4368901252747
239,-0.10117639601230621,-4.623754501342773,-0.04678074270486832,1408.169102191925
240,-0.6550546884536743,-4.683071136474609,0.0016247127205133438,1414.467486858368
241,-0.5442035794258118,-4.649022102355957,-0.002881661057472229,1420.9834513664246
242,0.018934324383735657,-4.621100902557373,-0.04686804488301277,1427.3513498306274
243,-1.0057088136672974,-4.606008052825928,0.01747756637632847,1434.7330431938171
244,-1.0358190536499023,-4.648479461669922,0.02935604192316532,1441.227421283722
245,-0.7122236490249634,-4.675271987915039,0.0078081488609313965,1447.532134771347
246,-0.9092962741851807,-4.625179767608643,0.015046685934066772,1454.0140962600708
247,-1.0483181476593018,-4.636194705963135,0.034468114376068115,1460.3227903842926
248,-1.3521076440811157,-4.703819274902344,0.06588301062583923,1466.9021692276
249,-0.8252346515655518,-4.678624629974365,0.01750105619430542,1473.0676970481873
250,-0.5481396913528442,-4.648179054260254,0.005878974683582783,1479.0476517677307
251,-0.09981060028076172,-4.605714797973633,-0.054672352969646454,1485.385261774063
252,-0.6964750289916992,-4.704968452453613,0.020446009933948517,1491.32120347023
253,-0.18477828800678253,-4.620876789093018,-0.018049901351332664,1497.6036701202393
254,-0.5044694542884827,-4.633046627044678,-9.291712194681168e-05,1503.7142395973206
255,-0.21304745972156525,-4.621696472167969,-0.02803048864006996,1510.1808860301971
256,-0.8632723093032837,-4.6909942626953125,0.014040719717741013,1516.8013725280762
257,-0.24547840654850006,-4.61382532119751,-0.030626187101006508,1523.040738105774
258,-1.0793733596801758,-4.639911651611328,0.0492674745619297,1529.5098164081573
259,-0.9666872620582581,-4.682021617889404,0.0283107440918684,1535.5244002342224
260,-0.5521650910377502,-4.670382976531982,-0.0075679318979382515,1541.9934573173523
261,-0.4725492000579834,-4.621744632720947,-0.020242150872945786,1548.1249115467072
262,0.13762208819389343,-4.559710502624512,-0.049391575157642365,1554.4200975894928
263,0.21664130687713623,-4.600153923034668,-0.07767482846975327,1561.2381086349487
264,-0.32775789499282837,-4.634870529174805,-0.027007553726434708,1567.6205554008484
265,-0.2037799060344696,-4.653901100158691,-0.03575693070888519,1574.0632283687592
266,-1.083701252937317,-4.667446613311768,0.0616978220641613,1580.2732229232788
267,-0.893232524394989,-4.661725997924805,0.029826756566762924,1586.7921686172485
268,-0.6407326459884644,-4.68395471572876,-0.0021161912009119987,1592.8211908340454
269,-0.3536374866962433,-4.6267852783203125,-0.005307822488248348,1599.0507364273071
270,-0.8221425414085388,-4.6587395668029785,0.022961076349020004,1605.4785706996918
271,-0.48343485593795776,-4.5814714431762695,-0.014481648802757263,1612.023268699646
272,-0.4008725881576538,-4.645477294921875,-0.013445859774947166,1618.496200799942
273,0.27127864956855774,-4.575220108032227,-0.06818852573633194,1624.526461839676
274,-0.058396801352500916,-4.608284950256348,-0.0392603874206543,1630.8152306079865
275,-0.06604922562837601,-4.604974746704102,-0.05372390151023865,1637.1121950149536
276,-0.14373721182346344,-4.652572154998779,-0.04912050813436508,1643.354237318039
277,-0.914508044719696,-4.619029521942139,-0.006230825558304787,1649.8568060398102
278,-0.5460289716720581,-4.555173873901367,0.004658704623579979,1655.8443267345428
279,-0.7255825996398926,-4.594527244567871,0.019879475235939026,1662.6254987716675
280,-0.6645023226737976,-4.597883224487305,0.004930455237627029,1669.1290640830994
281,-0.5173081159591675,-4.615111827850342,0.014132274314761162,1675.4015321731567
282,-0.5742692351341248,-4.574679851531982,0.007955173961818218,1681.935518026352
283,-0.07213234901428223,-4.537700176239014,-0.04020535573363304,1688.1763110160828
284,-0.30814075469970703,-4.564327716827393,-0.015767473727464676,1694.812575340271
285,-0.8377278447151184,-4.595450401306152,0.02298610657453537,1701.2324957847595
286,-0.4984833896160126,-4.625926971435547,-0.005282817408442497,1708.320790529251
287,0.28244513273239136,-4.596479892730713,-0.07865827530622482,1715.6480689048767
288,-0.674135148525238,-4.5311360359191895,0.012369251810014248,1722.719465970993
289,-1.1612920761108398,-4.616623878479004,0.05300118029117584,1730.000473022461
290,-0.505488395690918,-4.596757888793945,-0.015541289001703262,1737.0536603927612
291,-1.1035722494125366,-4.605919361114502,0.04407592490315437,1744.439790725708
292,-0.8075857162475586,-4.6252241134643555,0.005220130085945129,1751.3752858638763
293,0.03266400843858719,-4.571108818054199,-0.04037940502166748,1758.6757731437683
294,-0.98832106590271,-4.614724159240723,0.03771776705980301,1766.0443980693817
295,-0.3695834279060364,-4.56139612197876,-0.015793178230524063,1773.130398273468
296,-0.8047971129417419,-4.565863132476807,0.01653473451733589,1780.774132013321
297,0.04973282665014267,-4.641295433044434,-0.046943556517362595,1788.0516984462738
298,-0.35218262672424316,-4.540667533874512,-0.008819451555609703,1795.4200468063354
299,-0.4607493579387665,-4.543451309204102,-0.009714392945170403,1801.950139760971
300,-0.5818659663200378,-4.600691318511963,0.004324756562709808,1808.2255306243896
301,-0.026022009551525116,-4.544095039367676,-0.05802106112241745,1814.8866889476776
302,-0.13392332196235657,-4.548111438751221,-0.03579522669315338,1821.0116565227509
303,-0.26824432611465454,-4.546490669250488,-0.033946529030799866,1827.5284385681152
304,-0.6734484434127808,-4.619412422180176,0.01545100286602974,1833.5908176898956
305,-0.3403107523918152,-4.5819830894470215,-0.008655170910060406,1840.023812532425
306,-0.4772573411464691,-4.618261337280273,-0.006587238982319832,1847.0001111030579
307,-0.3496370017528534,-4.599188327789307,-0.029057765379548073,1854.0891020298004
308,-0.29174381494522095,-4.60051155090332,-0.01300771627575159,1861.2197544574738
309,-0.9003353714942932,-4.5735979080200195,0.030430912971496582,1867.4504117965698
310,-0.30674710869789124,-4.566140651702881,-0.030784491449594498,1874.0558564662933
311,-0.13989894092082977,-4.541736602783203,-0.028415042906999588,1880.3164393901825
312,0.035379789769649506,-4.594084739685059,-0.05294797569513321,1886.605770111084
313,-0.741068422794342,-4.582475662231445,0.00794927030801773,1893.141482591629
314,0.048722103238105774,-4.562607765197754,-0.0489424392580986,1899.3746345043182
315,-0.45921745896339417,-4.575816631317139,-0.014437912032008171,1905.6500248908997
316,-0.9522335529327393,-4.556222915649414,0.034891072660684586,1911.5562376976013
317,-0.4178955554962158,-4.587517261505127,-0.01055673323571682,1918.0291495323181
318,-0.46742069721221924,-4.5860185623168945,-0.01960674300789833,1924.9352452754974
319,-0.004114240407943726,-4.55168342590332,-0.04624031111598015,1931.922196149826
320,0.002149529755115509,-4.519343376159668,-0.07058822363615036,1939.3464839458466
321,-0.43911051750183105,-4.587892055511475,-0.026273969560861588,1946.2699854373932
322,-0.2365843504667282,-4.519442081451416,-0.023869512602686882,1952.733613729477
323,0.20590928196907043,-4.548202991485596,-0.07798747718334198,1958.8620872497559
324,0.09637346863746643,-4.559482574462891,-0.06543507426977158,1964.9774074554443
325,-0.4581828713417053,-4.512999057769775,-0.010448896326124668,1971.8447189331055
326,-0.586743175983429,-4.586899280548096,-0.004492752254009247,1978.2174363136292
327,-0.6928092241287231,-4.543545246124268,0.011246138252317905,1984.6358165740967
328,-0.6889069676399231,-4.537850379943848,0.026240207254886627,1990.7127158641815
329,-1.0990166664123535,-4.508657455444336,0.0552515909075737,1997.0320374965668
330,-0.821457028388977,-4.49249267578125,0.023762134835124016,2003.5796105861664
331,-0.627153754234314,-4.57198429107666,0.018000831827521324,2010.886394739151
332,-0.37084442377090454,-4.572574615478516,-0.01041303388774395,2018.1111996173859
333,-0.41563957929611206,-4.5101318359375,-0.023746347054839134,2025.5126159191132
334,-0.09441149234771729,-4.50401496887207,-0.039517827332019806,2032.9435131549835
335,-0.22615200281143188,-4.546445846557617,-0.03229125589132309,2039.8452155590057
336,-0.06097979098558426,-4.54507303237915,-0.047469958662986755,2046.2627058029175
337,-0.5349467396736145,-4.501774787902832,-0.0016831783577799797,2053.0008749961853
338,-0.5138139724731445,-4.496920585632324,-0.002287806011736393,2059.428211212158
339,-0.5775986909866333,-4.571253776550293,-0.0026090461760759354,2065.8261110782623
340,-0.377912700176239,-4.542666435241699,-0.015792161226272583,2072.30766582489
341,-0.8677206039428711,-4.517427921295166,0.024061014875769615,2079.144567966461
342,-0.12418431043624878,-4.526142597198486,-0.05338989198207855,2085.5039830207825
343,-0.8359668850898743,-4.564275741577148,0.021310243755578995,2091.6245238780975
344,-0.5527013540267944,-4.574737548828125,0.007601402699947357,2098.0894091129303
345,-0.5235896110534668,-4.569577217102051,0.0015804758295416832,2105.005581140518
346,-0.5527134537696838,-4.511600017547607,0.006398742087185383,2111.9551384449005
347,-0.059164345264434814,-4.507414817810059,-0.03818461671471596,2118.2808005809784
348,-0.4739413261413574,-4.537709712982178,-0.0110687967389822,2125.0327439308167
349,-0.4380357265472412,-4.527098178863525,-0.010218288749456406,2132.2114820480347
350,-0.2004084587097168,-4.513145923614502,-0.03362913057208061,2139.1873400211334
351,-0.8807690143585205,-4.510336875915527,0.03950098156929016,2146.426922082901
352,0.10085031390190125,-4.499811172485352,-0.05376265197992325,2153.0969948768616
353,-0.7893206477165222,-4.49666690826416,0.012906488962471485,2159.961613178253
354,-0.15547265112400055,-4.5079474449157715,-0.03340209648013115,2166.428309202194
355,0.005851002410054207,-4.476194381713867,-0.05303255841135979,2172.6218581199646
356,0.2054682970046997,-4.513535499572754,-0.06429231911897659,2179.1255502700806
357,-0.7923098802566528,-4.53323221206665,0.03189903125166893,2185.4418115615845
358,-1.0175551176071167,-4.523314476013184,0.03378838300704956,2192.2058391571045
359,0.12612876296043396,-4.450761795043945,-0.06198537349700928,2198.469093322754
360,-0.8741536140441895,-4.492942810058594,0.03439194709062576,2205.0303189754486
361,-0.7051988840103149,-4.506635665893555,0.015228229574859142,2211.5174601078033
362,-0.257606565952301,-4.4567131996154785,-0.02643190138041973,2218.051836013794
363,-0.5047636032104492,-4.473551273345947,-0.002029089257121086,2224.887810230255
364,-0.5760403275489807,-4.494297981262207,0.0026160739362239838,2231.083883523941
365,0.06418561190366745,-4.497958183288574,-0.05210678279399872,2237.386783361435
366,-0.5293660759925842,-4.495824337005615,-0.003671955317258835,2243.878800392151
367,-0.1788806915283203,-4.511198043823242,-0.016862191259860992,2250.600663661957
368,-0.5570867657661438,-4.50236701965332,-0.008630622178316116,2258.0409846305847
369,-1.0189214944839478,-4.522544860839844,0.022536009550094604,2264.9447627067566
370,-0.10738430917263031,-4.485528945922852,-0.05120726674795151,2272.333482980728
371,-0.34922900795936584,-4.506750106811523,-0.00914009753614664,2279.108232021332
372,-0.28890180587768555,-4.479510307312012,-0.01928291842341423,2285.7713911533356
373,-0.4597582221031189,-4.492391109466553,-0.014311068691313267,2292.072054862976
374,-0.8673369288444519,-4.486965179443359,0.038672953844070435,2298.5214409828186
375,0.12591736018657684,-4.467683792114258,-0.048875585198402405,2304.9572060108185
376,-0.4380881190299988,-4.451181411743164,-0.013487081974744797,2311.0893020629883
377,-0.8846206665039062,-4.495939254760742,0.029704365879297256,2317.6002633571625
378,-0.40454092621803284,-4.460164546966553,-0.006327028386294842,2323.6430201530457
379,-0.19918394088745117,-4.49022102355957,-0.042885467410087585,2329.9585134983063
380,-0.43292319774627686,-4.492316246032715,-0.021778220310807228,2337.2785081863403
381,0.05685874819755554,-4.453521728515625,-0.050752416253089905,2344.4487166404724
382,-0.25326839089393616,-4.5420660972595215,-0.031901124864816666,2351.2462351322174
383,-0.30131709575653076,-4.523072242736816,-0.01661824807524681,2357.6501183509827
384,0.13869275152683258,-4.459006309509277,-0.055641449987888336,2363.9934055805206
385,-0.48282650113105774,-4.473320484161377,0.011091232299804688,2370.296478509903
386,-0.15317298471927643,-4.503389358520508,-0.019559357315301895,2376.7212402820587
387,-0.7475401759147644,-4.532443523406982,0.01942414417862892,2383.4156012535095
388,-1.0100898742675781,-4.560367584228516,0.04593433439731598,2389.6787395477295
389,-0.7859182357788086,-4.563940048217773,0.021055201068520546,2396.132974386215
390,-0.30615827441215515,-4.477487564086914,-0.02808246575295925,2402.2824382781982
391,-0.18001942336559296,-4.503511428833008,-0.03864273428916931,2408.3098034858704
392,-0.8242663145065308,-4.533647537231445,0.03669116646051407,2414.6233735084534
393,-0.4936583936214447,-4.489627838134766,-0.011542624793946743,2420.8412866592407
394,-0.7758929133415222,-4.488033771514893,0.024111349135637283,2427.1527326107025
395,-0.5206833481788635,-4.550008296966553,-0.0032422924414277077,2433.6312856674194
396,-1.3450201749801636,-4.532042503356934,0.051241353154182434,2440.3386878967285
397,-1.0199177265167236,-4.5305867195129395,0.030330976471304893,2446.9315147399902
398,-0.7793849110603333,-4.498836994171143,0.015444430522620678,2453.198474407196
399,-0.670466423034668,-4.530839920043945,-0.010631903074681759,2459.9063177108765
400,-0.9729236960411072,-4.489876747131348,0.027289461344480515,2466.4601714611053
401,-0.3770313560962677,-4.452613353729248,-0.0077746352180838585,2473.1875174045563
402,-0.766231894493103,-4.489101409912109,0.02019330859184265,2480.0217394828796
403,-0.6328615546226501,-4.491730690002441,0.013517980463802814,2484.913055896759
404,0.3156285583972931,-4.484859943389893,-0.0617620013654232,2490.4458198547363
405,-0.8496422171592712,-4.491857528686523,0.009430577978491783,2498.4561762809753
406,-0.5611315369606018,-4.444242477416992,0.002743118442595005,2505.9405994415283
407,-0.4798341393470764,-4.53754997253418,-0.0016372725367546082,2511.343559026718
408,-0.40785759687423706,-4.498157501220703,-0.007440587505698204,2516.6636776924133
409,-0.5995341539382935,-4.457974433898926,0.018500573933124542,2521.746347427368
410,-0.39119839668273926,-4.461355686187744,-0.01386274304240942,2526.9208409786224
411,-0.6262816190719604,-4.499594688415527,0.020162278786301613,2532.2634060382843
412,-0.6451504826545715,-4.472845077514648,-0.0033064940944314003,2537.378974199295
413,-0.4521856904029846,-4.464091777801514,-0.015965599566698074,2542.488472700119
414,-0.7274534702301025,-4.4860663414001465,0.01623626798391342,2547.457246541977
415,-0.46726587414741516,-4.451633453369141,-0.014277630485594273,2552.6726784706116
416,-0.3052590489387512,-4.460978031158447,-0.008554883301258087,2557.809953689575
417,-0.7361401319503784,-4.482151031494141,0.011411454528570175,2562.83012342453
418,-1.1045341491699219,-4.511012077331543,0.034972671419382095,2568.000447034836
419,-0.4387410879135132,-4.429593086242676,-0.007562118582427502,2572.995058298111
420,-0.408716082572937,-4.468292236328125,-0.011898555792868137,2578.2052018642426
421,-0.13748645782470703,-4.4116339683532715,-0.0489165335893631,2583.1113727092743
422,-0.846675455570221,-4.489243984222412,0.03184766322374344,2588.2957191467285
423,-0.06311570107936859,-4.433515548706055,-0.04729415848851204,2593.4992883205414
424,-0.8347800374031067,-4.431437015533447,0.005774654448032379,2598.412118434906
425,-0.5675917863845825,-4.457030773162842,0.016219228506088257,2603.559329032898
426,-0.04370972514152527,-4.491817474365234,-0.03460962325334549,2608.5792458057404
427,-0.6094615459442139,-4.467175006866455,0.017243634909391403,2613.7304394245148
428,-0.2553054094314575,-4.418353080749512,-0.024507757276296616,2618.580408334732
429,-0.6383004188537598,-4.488532066345215,0.004125005565583706,2623.6562588214874
430,-0.4298245906829834,-4.410921573638916,0.009310950525105,2628.7935388088226
431,-0.5460646152496338,-4.449146747589111,-0.00594297144562006,2633.8524901866913
432,-0.3564862310886383,-4.481823444366455,-0.01247408241033554,2639.011356830597
433,-0.3220159411430359,-4.423523902893066,-0.03126777336001396,2646.640128850937
434,-0.007101267576217651,-4.461189270019531,-0.0545567087829113,2656.748462677002
435,-0.516297459602356,-4.4736785888671875,0.006226898171007633,2666.9130918979645
436,-0.19245874881744385,-4.479181289672852,-0.03934944421052933,2676.243733406067
437,-0.3970290720462799,-4.443666458129883,-0.01663677766919136,2685.377294063568
438,-0.5437125563621521,-4.435786724090576,-0.013925742357969284,2694.178708076477
439,-0.38838520646095276,-4.432995796203613,-0.019152913242578506,2703.4353733062744
440,-0.5384343266487122,-4.472512245178223,0.005498618818819523,2712.9058060646057
441,-0.21435384452342987,-4.484231472015381,-0.041845645755529404,2721.772487640381
442,-0.8963091969490051,-4.443249702453613,0.034608542919158936,2731.6513617038727
443,-0.046097785234451294,-4.4521942138671875,-0.04807522892951965,2740.9713954925537
444,-0.8070524334907532,-4.4406280517578125,0.013240883126854897,2750.1333825588226
445,-0.3048279285430908,-4.431119441986084,-0.01705877110362053,2758.985634803772
446,-0.5898905992507935,-4.491066932678223,0.012888421304523945,2768.6061708927155
447,-0.8722102642059326,-4.43556547164917,0.04690549522638321,2777.9251339435577
448,-0.6198135614395142,-4.472891807556152,0.023604970425367355,2787.1917293071747
449,0.07341299951076508,-4.363981246948242,-0.05318668112158775,2796.5424284934998
450,-0.2684914469718933,-4.414361476898193,-0.019614705815911293,2805.641644716263
451,-0.33391478657722473,-4.46759033203125,-0.01137220486998558,2815.3089621067047
452,-0.5714471340179443,-4.393094062805176,0.021619167178869247,2824.1891198158264
453,-0.3204919993877411,-4.411916255950928,-0.01325192116200924,2833.5452270507812
454,-0.4124375879764557,-4.375107288360596,-0.010488844476640224,2843.303129196167
455,-0.41665080189704895,-4.472585678100586,-0.0072577400133013725,2852.4969143867493
456,-1.0272464752197266,-4.46603536605835,0.04281104356050491,2861.8560791015625
457,-0.6371886730194092,-4.471993923187256,0.00824328325688839,2871.2481684684753
458,-0.6394661068916321,-4.4532856941223145,0.015616696327924728,2880.9407107830048
459,-0.6079388856887817,-4.438250541687012,0.00026833638548851013,2890.3362667560577
460,-0.2696220576763153,-4.349262714385986,-0.012823288328945637,2899.4530675411224
461,-0.43155616521835327,-4.416779518127441,-0.02224796637892723,2909.464609146118
462,-0.3739511966705322,-4.403158664703369,-0.015508994460105896,2918.9470014572144
463,-0.4065549075603485,-4.493513107299805,0.002977910451591015,2928.808411359787
464,-0.3622017502784729,-4.39044713973999,-0.005353929474949837,2938.0925137996674
465,-0.4466437101364136,-4.46811580657959,-0.0006605703383684158,2947.561943292618
466,-1.0578136444091797,-4.435781002044678,0.04872241988778114,2957.380657196045
467,-0.673204779624939,-4.43414306640625,0.03426072746515274,2966.705249786377
468,-1.0376667976379395,-4.46903657913208,0.04528495669364929,2976.432757139206
469,-0.6133617162704468,-4.473031520843506,-0.009345564991235733,2985.8291482925415
470,-0.7020989656448364,-4.421686172485352,0.012567262165248394,2996.3128514289856
471,-0.5410703420639038,-4.473781585693359,0.005685041658580303,3006.4715497493744
472,-0.997422993183136,-4.516761302947998,0.05903881415724754,3016.7295665740967
473,-0.6168371438980103,-4.426999092102051,0.008082129992544651,3027.7303054332733
474,-0.9274673461914062,-4.420340538024902,0.0502459853887558,3038.183356285095
475,-0.4841553866863251,-4.420323848724365,0.0045964885503053665,3048.0297491550446
476,-0.3759048879146576,-4.396495342254639,-0.010260064154863358,3058.1332638263702
477,-0.5550006031990051,-4.431516647338867,0.0020279157906770706,3067.641703605652
478,-1.0039951801300049,-4.453115463256836,0.04845096543431282,3077.4836859703064
479,-0.7497788667678833,-4.4430670738220215,0.02954353764653206,3087.0565283298492
480,-0.705612301826477,-4.406473159790039,0.012149781920015812,3096.2420547008514
481,-0.3991215229034424,-4.512402534484863,-0.015375586226582527,3101.361778497696
482,-0.3851473927497864,-4.401712894439697,-0.001563994213938713,3108.2436349391937
483,-0.24764610826969147,-4.468183994293213,-0.02117322012782097,3117.4910295009613
484,-0.4768848121166229,-4.419743061065674,-0.008561259135603905,3126.0980200767517
485,-0.5537607669830322,-4.399590015411377,-0.007153764367103577,3134.6982979774475
486,-0.3141492009162903,-4.389315128326416,-0.015286196954548359,3142.9934656620026
487,-0.2900656461715698,-4.434936046600342,-0.01910284161567688,3151.5427894592285
488,-0.980265736579895,-4.444795608520508,0.0364840067923069,3160.367207765579
489,-0.7746647000312805,-4.4041266441345215,0.012513384222984314,3169.721484184265
490,-1.2031593322753906,-4.4657464027404785,0.06475990265607834,3178.5800948143005
491,-0.7304062843322754,-4.485164165496826,0.013481758534908295,3187.1398458480835
492,-0.6587247252464294,-4.438414573669434,0.013030705973505974,3195.7112452983856
493,-0.5370128750801086,-4.411592483520508,0.0027907071635127068,3204.4272503852844
494,0.09701042622327805,-4.405287742614746,-0.05381099879741669,3213.6439232826233
495,-0.6072566509246826,-4.376375198364258,0.012283440679311752,3222.366461992264
496,-0.8018032908439636,-4.460546970367432,0.044826678931713104,3231.275349855423
497,-0.5323492288589478,-4.47214412689209,0.009186740033328533,3240.560878753662
498,-0.5591607093811035,-4.424551486968994,0.0023935651406645775,3249.7520394325256
499,-0.25622981786727905,-4.45115327835083,-0.007829921320080757,3259.4213995933533
500,-0.20199261605739594,-4.4254984855651855,-0.026787953451275826,3268.1514236927032
501,-0.33317193388938904,-4.37273645401001,-0.015164862386882305,3276.939114332199
502,-0.34037357568740845,-4.415900707244873,-0.0037212446331977844,3285.348556995392
503,-0.49328577518463135,-4.421712875366211,-0.001890924759209156,3293.8282141685486
504,-0.7120581865310669,-4.40576171875,0.01777954213321209,3302.572193622589
505,-0.5785099864006042,-4.413707256317139,0.013182645663619041,3311.226764202118
506,-0.7078239917755127,-4.4230637550354,0.008474272675812244,3320.0467376708984
507,-0.4555240869522095,-4.45285177230835,-0.0048757875338196754,3328.7399730682373
508,-0.5563931465148926,-4.370793342590332,0.008884161710739136,3336.875704050064
509,-0.3999633491039276,-4.350462913513184,-0.005162687972187996,3345.7773270606995
510,-0.37692582607269287,-4.44131326675415,-0.013617169111967087,3354.387273788452
511,-0.1666007786989212,-4.428923606872559,-0.05016712099313736,3363.2006316184998
512,-0.9550169110298157,-4.443942070007324,0.02691071853041649,3371.6043112277985
513,-0.36719468235969543,-4.405210494995117,-0.004095235839486122,3380.434415102005
514,-0.5979952812194824,-4.398384094238281,-0.0028016697615385056,3389.3209376335144
515,-0.3634029030799866,-4.438784122467041,-0.01853853464126587,3397.921646595001
516,-0.5074913501739502,-4.418796062469482,0.011089087463915348,3404.0074088573456
517,-1.1076747179031372,-4.454700946807861,0.039504267275333405,3409.1199383735657
518,-0.9701888561248779,-4.436712741851807,0.03603076562285423,3414.3903131484985
519,-0.7743446826934814,-4.389439582824707,0.02435324341058731,3419.4170358181
520,-0.39245688915252686,-4.419871807098389,-0.00762858334928751,3424.4341168403625
521,-0.26948580145835876,-4.441997051239014,-0.008426202461123466,3429.841861009598
522,-0.5236296057701111,-4.419572353363037,-0.00215104129165411,3436.290598154068
523,-0.8554814457893372,-4.4620184898376465,0.039727143943309784,3445.1571547985077
524,-0.7050589323043823,-4.431844711303711,0.032841600477695465,3453.469257593155
525,-0.18851977586746216,-4.4335103034973145,-0.027312934398651123,3462.1579389572144
526,-0.6429977416992188,-4.413232326507568,0.020149197429418564,3470.7855141162872
527,-0.30751925706863403,-4.395476341247559,-0.004773076623678207,3480.1410989761353
528,-1.1346890926361084,-4.450833797454834,0.05509079247713089,3489.413286924362
529,-1.1311156749725342,-4.447850227355957,0.05681972578167915,3498.400810480118
530,-0.5584286451339722,-4.441220283508301,0.014026850461959839,3508.353229045868
531,-1.1747634410858154,-4.465976715087891,0.05945052206516266,3517.071468114853
532,-0.24637335538864136,-4.4224348068237305,-0.034902770072221756,3527.1782031059265
533,-0.4023246765136719,-4.393747329711914,-0.003911841660737991,3536.4566226005554
534,-0.6474207639694214,-4.423397541046143,0.013001736253499985,3545.8037180900574
535,-0.47738945484161377,-4.38222074508667,-0.004662615247070789,3555.786576986313
536,-0.5421433448791504,-4.399425506591797,0.013677764683961868,3564.331773042679
537,-0.6063719987869263,-4.472262382507324,-0.017879249528050423,3573.8640208244324
538,-0.5076624751091003,-4.429593563079834,-0.011186663061380386,3583.0366332530975
539,-0.8015645742416382,-4.433966636657715,0.023902658373117447,3592.1829171180725
540,-0.6008825302124023,-4.3520379066467285,0.0076336851343512535,3602.001533508301
541,-0.6331697106361389,-4.358989715576172,0.022502141073346138,3610.772919654846
542,-0.535954475402832,-4.398984432220459,0.006971690803766251,3619.3818080425262
543,-0.430896520614624,-4.423346042633057,-0.0022132527083158493,3624.2959690093994
544,-0.5712579488754272,-4.38712739944458,0.014812982641160488,3629.5156304836273
545,-0.45536008477211,-4.395397186279297,-0.005937797017395496,3634.4095475673676
546,-0.7648690342903137,-4.332605361938477,0.02343464083969593,3639.5394513607025
547,-0.5027185082435608,-4.391850471496582,-0.00115297082811594,3645.0342333316803
548,-0.893512487411499,-4.420662879943848,0.04338822141289711,3650.044159412384
549,-0.33023640513420105,-4.411995887756348,-0.016370726749300957,3655.2353534698486
550,-0.08359190821647644,-4.4101715087890625,-0.04463973268866539,3660.4533247947693
551,-0.2476060390472412,-4.392571449279785,-0.03108544647693634,3665.4952733516693
552,-0.4265936017036438,-4.374880790710449,-0.011628877371549606,3670.779146671295
553,-0.4818205237388611,-4.38873815536499,-0.0073998551815748215,3675.683305978775
554,-0.4225844442844391,-4.371858596801758,0.0012570256367325783,3680.951778650284
555,-0.5764583945274353,-4.372305870056152,0.018163029104471207,3686.023946046829
556,-0.41107553243637085,-4.382959365844727,-0.00910844188183546,3691.2940113544464
557,-0.7905986905097961,-4.445966720581055,0.015367673709988594,3696.253182888031
558,-0.6865336894989014,-4.421502590179443,0.014119922183454037,3701.143141746521
559,-0.2783815860748291,-4.426328659057617,-0.019737565889954567,3706.160530090332
560,-0.19758814573287964,-4.355926990509033,-0.03266971558332443,3711.085089445114
561,-0.2910371422767639,-4.393436908721924,-0.013874280266463757,3716.334622859955
562,-0.7251638174057007,-4.4247002601623535,0.03318150341510773,3721.3642382621765
563,-0.28436151146888733,-4.409237861633301,-0.014076314866542816,3726.367878675461
564,-0.10829110443592072,-4.388255596160889,-0.050749216228723526,3731.610517501831
565,-0.13132429122924805,-4.393911838531494,-0.019452456384897232,3736.7739827632904
566,-0.5610131621360779,-4.368710994720459,0.004715105518698692,3741.9573640823364
567,-0.32132309675216675,-4.405599117279053,-0.023562096059322357,3746.9662396907806
568,-0.47096842527389526,-4.403474807739258,-0.01865900307893753,3752.186693906784
569,-0.7943151593208313,-4.41202449798584,0.019877884536981583,3757.106621026993
570,-0.41559967398643494,-4.42448091506958,-0.002827710472047329,3762.2771611213684
571,-0.19404593110084534,-4.3828935623168945,-0.040241122245788574,3767.429082632065
572,-0.6643727421760559,-4.407782554626465,0.0007152017205953598,3772.3678336143494
573,-0.501003086566925,-4.424457550048828,-0.00833918433636427,3777.721282482147
574,-0.15736600756645203,-4.3296427726745605,-0.05187152326107025,3782.6244995594025
575,-0.49467912316322327,-4.416769981384277,-0.012377978302538395,3788.0316858291626
576,0.0633581280708313,-4.357364654541016,-0.06162441521883011,3793.0449302196503
577,-0.2871522605419159,-4.381571292877197,-0.019630983471870422,3798.125246286392
578,-0.5576438307762146,-4.347873687744141,0.006925027817487717,3803.3942897319794
579,-0.2820907235145569,-4.381601810455322,-0.015714265406131744,3808.3169202804565
580,-0.0755031406879425,-4.368585586547852,-0.0537959486246109,3813.511621952057
581,-0.14467556774616241,-4.396880626678467,-0.038337547332048416,3818.56303691864
582,-0.5310042500495911,-4.368292331695557,0.0003419043496251106,3823.628424167633
583,-1.0463571548461914,-4.4248576164245605,0.0591510571539402,3828.888824939728
584,-0.46528762578964233,-4.364758491516113,-0.0326097197830677,3833.918530225754
585,-0.0926055908203125,-4.437551498413086,-0.03099118545651436,3839.1642456054688
586,-0.5742188096046448,-4.374692440032959,-0.0006756354123353958,3844.317630290985
587,-0.18507294356822968,-4.371947765350342,-0.04019517824053764,3849.591809272766
588,-0.3226863443851471,-4.356760025024414,-0.021323665976524353,3854.541314601898
589,0.028865184634923935,-4.369969367980957,-0.052248116582632065,3859.628888130188
590,-0.45525866746902466,-4.36941385269165,0.0005991384387016296,3864.9490065574646
591,-0.36051833629608154,-4.409207820892334,-0.01559022068977356,3869.8761558532715
592,-0.29492658376693726,-4.341609001159668,-0.018065880984067917,3875.0924117565155
593,-0.42833542823791504,-4.368280410766602,-0.008501165546476841,3880.076005458832
594,-0.3432903289794922,-4.386809825897217,-0.03199471905827522,3885.313929796219
595,-0.6139922738075256,-4.417346954345703,0.014704286120831966,3890.583515405655
596,-0.3276234567165375,-4.409102916717529,-0.023846466094255447,3895.728158712387
597,-0.14966395497322083,-4.3919453620910645,-0.04364589974284172,3900.969062566757
598,-0.09630078077316284,-4.420371055603027,-0.04036639630794525,3905.9794414043427
599,-0.08263439685106277,-4.382465362548828,-0.037540070712566376,3911.343950986862
600,-0.14049960672855377,-4.4104766845703125,-0.026753302663564682,3916.351657152176
601,-0.654646098613739,-4.384531497955322,0.016416341066360474,3921.375158548355
602,-0.6937012672424316,-4.365759372711182,0.01363279391080141,3926.7182879447937
603,-0.3279288709163666,-4.365401744842529,-0.011371376924216747,3931.770657300949
604,-0.10934459418058395,-4.422243118286133,-0.04438599944114685,3937.2233600616455
605,-0.7700425386428833,-4.399767875671387,0.030402772128582,3942.192088842392
606,-0.12030142545700073,-4.3488688468933105,-0.036412954330444336,3947.556926012039
607,-0.45341628789901733,-4.3918657302856445,-0.0035364776849746704,3952.5521450042725
608,-0.8080756068229675,-4.389998912811279,0.03403269872069359,3957.6703441143036
609,-0.7553086876869202,-4.385115623474121,0.015120976604521275,3962.9324264526367
610,-0.6512712240219116,-4.333356857299805,0.0029880721122026443,3967.986974477768
611,-0.32162025570869446,-4.327117443084717,-0.024739447981119156,3973.394789457321
612,-0.5415601134300232,-4.378807067871094,-0.004120240919291973,3978.6660537719727
613,-0.7397528886795044,-4.423407077789307,0.02493550069630146,3983.612690925598
614,-0.6400855183601379,-4.431902885437012,0.020944448187947273,3988.7871346473694
615,-0.5332196950912476,-4.3193511962890625,0.010763403959572315,3994.013337612152
616,-0.38912302255630493,-4.4027018547058105,-0.0036580218002200127,3999.3670580387115
617,-0.42651042342185974,-4.370845794677734,-0.00233383197337389,4004.4077718257904
618,-0.49992436170578003,-4.39362907409668,0.0107638631016016,4009.655395746231
619,-0.5511300563812256,-4.345030784606934,0.013019784353673458,4014.787601709366
620,-0.4455745220184326,-4.351510047912598,0.004392134957015514,4019.8881232738495
621,-0.06910903751850128,-4.348236083984375,-0.038858216255903244,4025.28778219223
622,-0.17426800727844238,-4.329220294952393,-0.0274765994399786,4030.2958810329437
623,-0.47810861468315125,-4.363881587982178,-0.0008357064798474312,4035.535984516144
624,-0.30203837156295776,-4.366031646728516,-0.023546136915683746,4040.57980966568
625,-0.6307585835456848,-4.378960609436035,0.01800243742763996,4045.7660024166107
626,-0.31367209553718567,-4.38084602355957,-0.021485701203346252,4050.9732592105865
627,-0.6876754760742188,-4.3961501121521,0.0014013322070240974,4056.099271297455
628,-0.17637261748313904,-4.346573829650879,-0.03906211629509926,4061.27476644516
629,-0.7489720582962036,-4.39685583114624,0.002204407937824726,4066.4283554553986
630,-0.5212658643722534,-4.363192558288574,-0.00359225831925869,4071.812292575836
631,-0.40564852952957153,-4.358379364013672,-0.0014857212081551552,4077.1660323143005
632,-0.5687344670295715,-4.3824992179870605,0.01802787557244301,4082.0122418403625
633,-0.2754027545452118,-4.356716156005859,-0.019570674747228622,4087.2518351078033
634,-0.956716001033783,-4.4112772941589355,0.04791213572025299,4092.353127479553
635,-0.600443422794342,-4.417457103729248,0.020831875503063202,4097.730398416519
636,-0.35089489817619324,-4.356348037719727,-0.025562383234500885,4102.668545246124
637,-0.5226391553878784,-4.323948860168457,-0.00918248388916254,4107.6385061740875
638,-0.5385228395462036,-4.334047317504883,0.015452524647116661,4112.921366453171
639,-0.7395896911621094,-4.362762451171875,0.021682515740394592,4117.962490320206
640,-0.32259801030158997,-4.343886852264404,-0.03004140965640545,4123.239892482758
641,0.06108764931559563,-4.388818740844727,-0.05245743319392204,4128.08487701416
642,-0.6516333222389221,-4.407932758331299,0.022932332009077072,4133.407173395157
643,-0.4145680367946625,-4.382195472717285,-0.021109404042363167,4138.343778133392
644,-0.37120521068573,-4.376634120941162,-0.010378221981227398,4143.380494832993
645,-0.6421902179718018,-4.377110481262207,-0.005588216707110405,4148.635097980499
646,-0.247239351272583,-4.322530269622803,-0.024393081665039062,4153.639173269272
647,-0.36867791414260864,-4.324314594268799,-0.0022371485829353333,4158.741724729538
648,-0.5116727948188782,-4.3547749519348145,-0.007603910751640797,4163.612423419952
649,-0.9329674243927002,-4.3982720375061035,0.029547110199928284,4168.678911924362
650,-1.0860105752944946,-4.406124591827393,0.05512235313653946,4173.999554157257
651,-0.7955739498138428,-4.4176459312438965,0.03545352444052696,4179.0230441093445
652,-0.4930405020713806,-4.3230109214782715,0.005858737044036388,4184.168729543686
653,-0.8631795048713684,-4.408147811889648,0.019098874181509018,4188.979735374451
654,-0.22989653050899506,-4.366431713104248,-0.018619034439325333,4194.272745847702
655,-0.3833426237106323,-4.304647922515869,-0.009915519505739212,4199.393485069275
656,-0.4624454975128174,-4.366870880126953,-0.005410575307905674,4204.37820148468
657,-0.28686803579330444,-4.338685989379883,-0.037744294852018356,4209.640519857407
658,-0.26415491104125977,-4.355375289916992,-0.016316501423716545,4214.847195863724
659,-0.4077407717704773,-4.38505220413208,-0.0010316716507077217,4219.9137461185455
660,-0.6442338824272156,-4.422201156616211,0.01505262777209282,4224.950752019882
661,-0.7656352519989014,-4.385451793670654,0.01349907647818327,4230.193292379379
662,-0.6109451055526733,-4.358945846557617,0.00787594448775053,4235.538730382919
663,-0.6094267964363098,-4.393143177032471,0.010627463459968567,4240.535228729248
664,-0.6166411638259888,-4.406243324279785,-0.005024906247854233,4245.728341579437
665,0.052217867225408554,-4.329527854919434,-0.05685575678944588,4250.742163658142
666,-0.31523269414901733,-4.384194374084473,-0.007645558565855026,4256.186109304428
667,-0.26938581466674805,-4.32878303527832,-0.017081130295991898,4261.303688049316
668,-0.39958253502845764,-4.339122295379639,-0.0018001953139901161,4266.370582103729
669,-0.6619281768798828,-4.434259414672852,0.007039690390229225,4271.638115406036
670,-0.8201143145561218,-4.400232315063477,0.018585752695798874,4276.886617898941
671,-0.3840005099773407,-4.344505786895752,-0.03424254059791565,4281.982981443405
672,-0.2830013632774353,-4.317615509033203,-0.012021140195429325,4287.146884202957
673,-0.08538558334112167,-4.352972030639648,-0.037044674158096313,4292.432534456253
674,-1.0748786926269531,-4.380920886993408,0.03339957818388939,4297.423246383667
675,-0.17645961046218872,-4.336863994598389,-0.034199751913547516,4302.5307104587555
676,-0.5747533440589905,-4.385153770446777,0.0023933397606015205,4307.647003889084
677,-0.5008675456047058,-4.326476573944092,0.0052321599796414375,4312.621302366257
678,-0.7460317015647888,-4.360751152038574,0.0343288779258728,4317.9667274951935
679,-0.4232899844646454,-4.335069179534912,0.0033450042828917503,4322.899263620377
680,-0.7050150036811829,-4.357454776763916,0.021189112216234207,4327.913833141327
681,-0.6441507339477539,-4.389242649078369,0.023800361901521683,4333.052141666412
682,-0.8795728087425232,-4.403430938720703,0.0493910126388073,4339.870757341385
683,-0.6016466617584229,-4.4103007316589355,0.018994513899087906,4346.780731916428
684,-0.7202118039131165,-4.3768415451049805,0.027040360495448112,4353.402058124542
685,-0.5583148002624512,-4.417845249176025,0.007827225141227245,4360.199048757553
686,-0.7625730037689209,-4.376624584197998,0.025422360748052597,4366.5800840854645
687,-0.43456971645355225,-4.389764308929443,-0.006939895451068878,4373.5937333106995
688,-0.8989110589027405,-4.467095851898193,0.042910460382699966,4380.617247581482
689,-0.9235276579856873,-4.382123947143555,0.039721425622701645,4387.510269641876
690,-0.6742870807647705,-4.346470832824707,0.013821495696902275,4394.572403669357
691,-0.2527029812335968,-4.370299339294434,-0.012205108068883419,4401.524174928665
692,-0.8492121696472168,-4.343120574951172,0.035757288336753845,4408.099846601486
693,-0.799676775932312,-4.3792405128479,0.017860956490039825,4415.294558286667
694,-0.3814936578273773,-4.373199462890625,-0.018410304561257362,4422.272221565247
695,-0.5314317345619202,-4.42329740524292,-0.0026847179979085922,4429.0489156246185
696,-1.1434584856033325,-4.399994850158691,0.06171584129333496,4435.269771575928
697,-0.1302565485239029,-4.333894729614258,-0.046532001346349716,4442.100457906723
698,-0.3863440454006195,-4.367462158203125,-0.020349066704511642,4447.916977405548
699,-0.8013482689857483,-4.347517967224121,0.018548984080553055,4454.004705190659
700,-0.1740264594554901,-4.348597049713135,-0.032899968326091766,4459.329348325729
701,-0.7455363273620605,-4.424657344818115,0.03225557133555412,4464.426530599594
702,-0.5513200759887695,-4.381316661834717,0.0036324867978692055,4469.926240444183
703,-0.7135557532310486,-4.389469146728516,0.014145681634545326,4474.985249757767
704,-0.18501698970794678,-4.352912425994873,-0.02555794082581997,4480.352950334549
705,-0.16472524404525757,-4.392573356628418,-0.044054415076971054,4485.4363560676575
706,-0.35263508558273315,-4.330195426940918,-0.015386939980089664,4490.496731519699
707,-0.5284655690193176,-4.363083362579346,0.007746280170977116,4495.86762046814
708,-0.9835413694381714,-4.384796619415283,0.037410181015729904,4501.063812017441
709,-0.3795274794101715,-4.341375350952148,-0.01560389343649149,4506.309255361557
710,-0.2816671133041382,-4.3682966232299805,-0.023802483454346657,4511.426649808884
711,-0.410957932472229,-4.34019660949707,-0.04067414253950119,4516.645015239716
712,-0.3759358525276184,-4.317908763885498,-0.02685397118330002,4521.925453662872
713,-0.19032686948776245,-4.284712791442871,-0.028200281783938408,4527.005298614502
714,-0.2300138622522354,-4.349107265472412,-0.018710335716605186,4532.158326864243
715,-0.586078941822052,-4.374532699584961,0.017952382564544678,4537.145955562592
716,-0.28934770822525024,-4.335724830627441,-0.01553803775459528,4542.3612768650055
717,-0.9351781606674194,-4.388692378997803,0.03811249881982803,4547.180913925171
718,-0.9620509147644043,-4.429729461669922,0.04064595326781273,4552.117798566818
719,-0.1936030238866806,-4.356183052062988,-0.02659202367067337,4557.549058914185
720,-0.6301902532577515,-4.38953161239624,-0.0010080914944410324,4562.589113235474
721,-0.4538266062736511,-4.372613906860352,-0.007691017352044582,4567.725715637207
722,-0.2762566804885864,-4.336566925048828,-0.023181267082691193,4572.756123304367
723,-0.8694140911102295,-4.350857734680176,0.004199151881039143,4577.71523475647
724,-0.5774155259132385,-4.32437801361084,0.0061223553493618965,4583.073069810867
725,-0.43952804803848267,-4.356586933135986,0.009543173015117645,4588.0269865989685
726,-0.7484097480773926,-4.403714179992676,0.027249397709965706,4593.288591623306
727,-0.6288133859634399,-4.327105522155762,-0.005062831565737724,4598.282823801041
728,-0.8251711130142212,-4.424701690673828,0.03778582066297531,4603.521267414093
729,-0.3135988712310791,-4.367392539978027,-0.012103491462767124,4608.611883401871
730,-0.7637542486190796,-4.3741559982299805,0.012033754028379917,4613.721018791199
731,-0.7527018785476685,-4.415862560272217,0.021510588005185127,4619.281530380249
732,-0.3025486469268799,-4.38456916809082,-0.012549989856779575,4624.51428604126
733,-0.19398346543312073,-4.288858413696289,-0.02552700787782669,4629.747618198395
734,-0.7789403796195984,-4.3739142417907715,0.032209549099206924,4634.642225980759
735,-0.3040589392185211,-4.3757243156433105,-0.013166508637368679,4639.595919847488
736,-0.7866536974906921,-4.403941631317139,0.033175885677337646,4644.690309286118
737,-0.6784922480583191,-4.356398105621338,0.028554648160934448,4649.688175678253
738,-0.47717612981796265,-4.35505485534668,-0.0050765275955200195,4654.889810800552
739,-0.3407268822193146,-4.3764190673828125,0.0029185861349105835,4659.870630502701
740,-0.2766704857349396,-4.335787773132324,-0.028479592874646187,4664.963683128357
741,-0.4253811240196228,-4.324914932250977,-0.02116505056619644,4670.034998416901
742,-0.3546629846096039,-4.385268211364746,-0.005356538109481335,4674.860465049744
743,-0.1782737374305725,-4.3516435623168945,-0.03399955481290817,4680.074134349823
744,-0.508533775806427,-4.3525238037109375,0.01012407150119543,4684.974935293198
745,-0.15391047298908234,-4.340853691101074,-0.037432193756103516,4690.2299110889435
746,-0.3874629735946655,-4.390310287475586,-0.003341352567076683,4695.340728759766
747,-0.9983695149421692,-4.337800979614258,0.04545298218727112,4700.255359172821
748,-0.6493769288063049,-4.378850936889648,0.006962425075471401,4705.5220420360565
749,-0.4717109203338623,-4.304675579071045,-0.015584679320454597,4710.628188371658
750,-0.25296032428741455,-4.323108673095703,-0.04408327490091324,4716.032825946808
751,-0.28542783856391907,-4.287177562713623,-0.021266210824251175,4720.916940689087
752,-0.9447035789489746,-4.3357133865356445,0.04130660742521286,4725.954292535782
753,-0.37040650844573975,-4.388720989227295,-0.021955937147140503,4730.994261980057
754,-0.14408791065216064,-4.274724006652832,-0.043615683913230896,4736.049359560013
755,-0.31335198879241943,-4.344146251678467,-0.02412685751914978,4741.233340740204
756,-0.5600946545600891,-4.356240272521973,-0.0066289762035012245,4746.291157007217
757,-0.21684952080249786,-4.388552665710449,-0.02570994943380356,4751.571133613586
758,0.029968783259391785,-4.324699878692627,-0.04223327338695526,4756.649279117584
759,-0.433132141828537,-4.362401962280273,0.0018432466313242912,4761.637748718262
760,-0.4655410051345825,-4.352983474731445,-0.001034170389175415,4766.835359334946
761,-0.32624685764312744,-4.3963823318481445,-0.02472875639796257,4771.822647809982
762,-0.6097069978713989,-4.320446014404297,0.010213254950940609,4776.90975689888
763,-0.39431828260421753,-4.361652374267578,0.0006587430834770203,4782.050849199295
764,-0.568413257598877,-4.4265360832214355,0.004134142771363258,4787.230722904205
765,-0.6992681622505188,-4.344074249267578,0.011360377073287964,4792.3954701423645
766,-0.20617657899856567,-4.3398027420043945,-0.028949366882443428,4797.287176609039
767,-0.9134899377822876,-4.382401943206787,0.026319527998566628,4802.452461242676
768,-0.38054344058036804,-4.357402801513672,-0.012174304574728012,4807.611128807068
769,-0.4190703332424164,-4.333857536315918,-0.005074689164757729,4813.089472532272
770,-0.7736988663673401,-4.373872756958008,0.007315528579056263,4818.06308054924
771,-0.5327355861663818,-4.357423305511475,0.0005843630060553551,4823.4926035404205
772,-0.25852498412132263,-4.347931861877441,-0.01883624866604805,4828.454112768173
773,-0.5715596079826355,-4.330687522888184,0.012726504355669022,4833.645655155182
774,-0.5255690217018127,-4.349509239196777,-0.0032417960464954376,4838.657415390015
775,-0.6071076393127441,-4.314993858337402,0.01299597229808569,4843.617343902588
776,-0.3156159520149231,-4.364296913146973,-0.02802523598074913,4848.7994656562805
777,-0.5013298988342285,-4.366855144500732,-0.010752828791737556,4853.710822343826
778,-0.37375468015670776,-4.33359956741333,-0.020065300166606903,4858.8004031181335
779,-0.19934368133544922,-4.321714401245117,-0.04964173957705498,4864.15978717804
780,-0.753119170665741,-4.40429162979126,0.021321747452020645,4869.386520624161
781,-0.1784924864768982,-4.316658973693848,-0.03817937150597572,4874.678338050842
782,0.14527958631515503,-4.339666366577148,-0.06941747665405273,4879.698875665665
783,-0.04853334277868271,-4.2991719245910645,-0.05740366876125336,4885.152884960175
784,-0.3592778742313385,-4.330089569091797,-0.019385583698749542,4890.366322040558
785,-0.31786835193634033,-4.32600212097168,-0.026257658377289772,4895.586074590683
786,-0.091293565928936,-4.321415901184082,-0.03157112002372742,4901.182212591171
787,-0.4838428199291229,-4.346466064453125,0.00011011958122253418,4906.25393986702
788,-0.7370179891586304,-4.357302665710449,0.01187447365373373,4911.788507699966
789,0.004030745476484299,-4.334390640258789,-0.04547629505395889,4917.141961574554
790,-0.580846905708313,-4.326090335845947,0.003243660554289818,4922.230724573135
791,-0.678836464881897,-4.372308731079102,0.024854786694049835,4927.408433198929
792,-0.3549005389213562,-4.346469879150391,-0.010667800903320312,4932.385318279266
793,-0.4845811724662781,-4.3232645988464355,-0.005664873868227005,4937.541666507721
794,-0.4826103746891022,-4.340036392211914,0.007098015397787094,4942.780098199844
795,-0.6857722401618958,-4.339151382446289,0.022541312500834465,4948.259068727493
796,-0.6473876237869263,-4.3945136070251465,0.017349887639284134,4953.422435760498
797,-0.664576530456543,-4.336346626281738,0.007256379351019859,4958.539113044739
798,-0.6068876385688782,-4.284543037414551,0.006614883430302143,4964.175234794617
799,-0.2319439798593521,-4.3419108390808105,-0.015566929243505001,4969.268954753876
800,-0.221541166305542,-4.332763671875,-0.029059596359729767,4974.692964076996
801,-0.8544280529022217,-4.387467384338379,0.03081406280398369,4980.005448579788
802,-0.6967809200286865,-4.304531097412109,0.03101036697626114,4985.225643873215
803,-0.4938812553882599,-4.349330425262451,0.0016389526426792145,4990.544358253479
804,-1.0358648300170898,-4.429417133331299,0.04657965153455734,4995.866306066513
805,-0.48211920261383057,-4.343234062194824,-0.005275178700685501,5001.2470779418945
806,-0.5951662659645081,-4.355143070220947,-0.004540842026472092,5006.611199617386
807,-0.960445761680603,-4.362827301025391,0.027094479650259018,5011.9574608802795
808,-0.7607800364494324,-4.358017921447754,0.0241645947098732,5016.948278188705
809,-0.7933522462844849,-4.377113342285156,0.014899509958922863,5022.020636558533
810,-0.1527860164642334,-4.374138355255127,-0.03162393718957901,5027.359212636948
811,-0.6169329881668091,-4.326876640319824,0.01821642741560936,5032.454864501953
812,-0.9743581414222717,-4.442166328430176,0.057924289256334305,5037.816660642624
813,-1.0034794807434082,-4.407642364501953,0.05780584365129471,5042.900855541229
814,-0.8310130834579468,-4.432745933532715,0.04770436882972717,5048.2761771678925
815,-0.612766444683075,-4.408073425292969,0.01959270052611828,5053.418781757355
816,-0.4064013957977295,-4.376781940460205,-0.005445379763841629,5058.52490901947
817,-0.2434605062007904,-4.3418402671813965,-0.028292078524827957,5063.84120798111
818,-0.3070370852947235,-4.330540657043457,-0.007403870113193989,5068.894483327866
819,-0.4517955780029297,-4.322220802307129,-0.0025603678077459335,5074.217168807983
820,-0.32804074883461,-4.317267417907715,-0.01598534733057022,5079.271539449692
821,-0.35823163390159607,-4.336532115936279,-0.01674434170126915,5084.300915718079
822,-0.24397718906402588,-4.266617774963379,-0.028530344367027283,5089.638897657394
823,-0.6406406164169312,-4.363704204559326,0.012134699150919914,5095.059356689453
824,-0.25672367215156555,-4.32671594619751,-0.016593459993600845,5100.546979665756
825,-0.6029776334762573,-4.327799320220947,0.017189787700772285,5105.595890522003
826,-0.20029744505882263,-4.276388168334961,-0.016661696135997772,5110.898027896881
827,-0.0759669691324234,-4.2865800857543945,-0.020406290888786316,5116.168274879456
828,-0.4166719615459442,-4.32218074798584,-0.030056988820433617,5121.120635271072
829,-0.0938231498003006,-4.350081443786621,-0.03882342576980591,5126.592643976212
830,-0.2558034062385559,-4.299581527709961,-0.0059495046734809875,5131.6739094257355
831,-0.37883949279785156,-4.306489944458008,-0.0006101913750171661,5136.850658655167
832,-0.7884909510612488,-4.349472999572754,0.029354896396398544,5141.93066740036
833,-0.6579984426498413,-4.338192939758301,0.01029028557240963,5146.960720300674
834,-0.3880322575569153,-4.371002674102783,-0.01712462306022644,5152.30678153038
835,-0.6896240711212158,-4.307955741882324,0.011881634593009949,5157.243553876877
836,-0.5846105813980103,-4.372502326965332,0.01922781765460968,5162.509860038757
837,-0.6981238126754761,-4.354286193847656,0.009311391040682793,5167.816849708557
838,-0.4087982177734375,-4.380964279174805,-0.006197307258844376,5173.20677614212
839,-0.18320278823375702,-4.297160625457764,-0.041163790971040726,5178.605799436569
840,-1.0577759742736816,-4.424393177032471,0.044302798807621,5183.90114402771
841,-0.7439845204353333,-4.341630935668945,0.02513672038912773,5189.231823921204
842,-0.5319514274597168,-4.3507609367370605,0.015846069902181625,5194.357841014862
843,-0.31743600964546204,-4.32085657119751,-0.018965061753988266,5199.796912908554
844,-0.2669670283794403,-4.364192485809326,-0.013847444206476212,5204.662105321884
845,-0.13167768716812134,-4.338334560394287,-0.022799424827098846,5210.097661018372
846,-0.065331369638443,-4.29353141784668,-0.032916631549596786,5215.100875377655
847,-0.8046860694885254,-4.3940558433532715,0.023289937525987625,5220.341696500778
848,-0.9452802538871765,-4.381112575531006,0.03889518231153488,5225.8080971241
849,-0.45308718085289,-4.333569526672363,-0.020263608545064926,5230.79222035408
850,-0.4557337164878845,-4.335195541381836,-0.0038298238068819046,5236.3132202625275
